title,price
아이폰Xs 256GB,680000
아이폰11프로 64GB,630000
갤럭시 S9 플러스 256GB,189000
갤럭시 S9 64GB,169000
아이폰12 프로 256GB,1170000
갤럭시 노트10+ 5G 512GB,472000
비와이폰2,54000
아이폰12 프로 512GB,1380000
아이폰12 프로 맥스 128GB,1215000
갤럭시 A40,95000
갤럭시 A40,95000
갤럭시 S21 울트라 256GB,1150000
아이폰8플러스 64GB,320000
갤럭시 A31,180000
갤럭시 A30,105000
갤럭시 A51,230000
갤럭시 A40,110000
와인스마트 재즈,19000
아이폰X 64GB,210000
갤럭시 A9프로,68000
갤럭시 진,110000
홍미노트10 프로,300000
Q51,159000
갤럭시 노트20,680000
갤럭시 윈,12000
갤럭시 S3,19000
갤럭시 S4 액티브,19000
아이폰SE (2020) 64GB,420000
갤럭시 S21 울트라 256GB,800000
갤럭시 A50,210000
갤럭시 A31,210000
갤럭시 Z 플립,550000
갤럭시 노트20 울트라,840000
와인 스마트,19000
갤럭시S21,720000
갤럭시 Z 플립,575000
갤럭시 S20 FE,450000
베가 레이서,10000
갤럭시 Z 플립,550000
아이폰8플러스 128GB,300000
갤럭시 A12,170000
갤럭시 Z 플립,620000
X6 2019,64000
와인스마트3G,19000
벨벳,232000
V30s ThniQ,74000
갤럭시S21+,870000
갤럭시 노트20,579000
벨벳,400000
갤럭시S21,750000
아이폰11프로 256GB,750000
갤럭시 S3 LTE 16GB,19000
아이폰12 프로 256GB,1200000
갤럭시 J5 센스,25000
갤럭시 노트9 128GB,320000
Q92,100000
갤럭시 S9 64GB,176000
갤럭시 Z 플립,250000
갤럭시 S8,90000
아이폰12 프로 256GB,1150000
갤럭시 폴더,26000
V50 ThinQ 128GB,80000
갤럭시 폴더,26000
갤럭시 폴더,25000
와인스마트3G,17000
와인 샤벳,17000
와인스마트3G,17000
V50 ThinQ 128GB,80000
아이폰6s 플러스 64GB,110000
아이폰11프로 256GB,750000
아이폰SE (2020) 256GB,475000
Q61,160000
아이폰SE (2020) 64GB,335000
갤럭시S21,780000
갤럭시S21,780000
갤럭시 S6 32GB,64000
홍미노트10 프로,269000
갤럭시 폴더2 16GB,47000
갤럭시 노트8 64GB,126000
갤럭시 노트9 128GB,80000
갤럭시 S8,116000
갤럭시 노트20 울트라,750000
갤럭시 S10 5G 256GB,136000
갤럭시 노트9 128GB,200000
갤럭시 A31,195000
와인스마트3G,50000
와인 샤벳,35000
갤럭시 S4 액티브,56000
갤럭시 폴더,23000
갤럭시 A21s,150000
갤럭시 S10 5G 256GB,140000
갤럭시 폴더2 16GB,67000
LG Q52,130000
아이폰SE 64GB,95000
아이폰12 프로 맥스 512GB,1616000
갤럭시 노트20,650000
갤럭시 S10 5G 256GB,205000
아이패드 에어 (2013) 32GB,85000
와인스마트 재즈,22000
갤럭시 A50,107000
갤럭시 S20+,474000
갤럭시 S7 32GB,75300
갤럭시 폴더,30000
갤럭시 와이드4,99000
벨벳,230000
갤럭시 S20+,450000
갤럭시 A8 Star,67000
갤럭시 S20 울트라,615000
갤럭시 A51,221000
갤럭시 Z 플립,600000
갤럭시 노트8 256GB,150000
아이폰12 프로 128GB,1140000
갤럭시 폴더2 32GB,170000
갤럭시 폴더2 32GB,170000
아이폰7 128GB,129000
아이폰12 프로 256GB,1190000
아이폰12 프로 256GB,1190000
갤럭시 S9 64GB,80000
아이폰12 프로 맥스 256GB,1350000
Samsung Galaxy A10e,85000
갤럭시 노트10+ 5G 256GB,370000
아이폰7 128GB,180000
갤럭시S21,660000
갤럭시 폴더,19000
갤럭시 S10+ 128GB,300000
V50 ThinQ 128GB,130000
V30 64GB,100000
아이폰8플러스 64GB,280000
갤럭시 S10 5G 256GB,290000
갤럭시 노트10+ 5G 256GB,490000
아이폰SE (2020) 256GB,176000
갤럭시 S9 64GB,140000
아이폰7 32GB,113000
Q31,27000
와인스마트3G,850000
아이폰12 미니 128GB,163000
X6 2019,190000
갤럭시 A31,81000
아이폰12 64GB,720000
아이폰8 64GB,165000
갤럭시 노트10 5G,387000
아이폰SE (2020) 256GB,475000
갤럭시 A12,147000
갤럭시 S7 32GB,100000
G8 ThinQ,174000
갤럭시 노트10 5G,380000
아이폰XR 128GB,399000
ASUS ROG PHONE,990000
아이폰12 프로 128GB,270000
갤럭시 A42 5G,135000
G8 ThinQ,543000
갤럭시 S20,130000
LG윙,175000
갤럭시 A9프로,150000
G8 ThinQ,300000
갤럭시 A51,230000
갤럭시 S8+ 64GB,126500
갤럭시 S10 5G 256GB,306000
갤럭시 노트3 네오,28000
갤럭시 노트10 5G,210000
갤럭시 S10e,130000
갤럭시 S10 5G 256GB,354000
갤럭시 S9 플러스 64GB,210000
갤럭시 노트10+ 5G 256GB,464000
아이폰11프로 64GB,665000
G8 ThinQ,220000
갤럭시 노트10+ 5G 256GB,474000
갤럭시 S20,500000
갤럭시 S8,100000
갤럭시 A21s,120000
갤럭시 노트20,570000
Q92,90000
아이폰11프로 256GB,690000
갤럭시 폴더2 32GB,170000
갤럭시 폴더2 32GB,170000
갤럭시 폴더2 32GB,170000
V40 ThinQ 128GB,170000
아이폰11 128GB,620000
V30 64GB,60000
Q70,140000
갤럭시 S20,490000
갤럭시 Z 플립 5G,729000
벨벳,280000
Q70,173000
갤럭시 A31,200000
갤럭시 A31,200000
갤럭시 A31,200000
갤럭시 A31,190000
갤럭시 A32,303000
갤럭시 노트20 울트라,790000
갤럭시 A32,303000
갤럭시 A32,303000
LG윙,415000
갤럭시 S7 32GB,100000
갤럭시 S20,550000
Q61,173000
갤럭시 A40,100000
아이폰Xs 맥스 256GB,630000
Q92,244000
LG Q52,170000
Q92,244000
G8 ThinQ,210000
갤럭시 Z 플립,884000
갤럭시 노트20 울트라,900000
갤럭시 Z 플립,914000
갤럭시 노트10+ 5G 512GB,590000
갤럭시 노트10+ 5G 256GB,450000
갤럭시 와이드4,120000
갤럭시 S21 울트라 256GB,1050000
갤럭시 노트9 128GB,180000
X6 2019,145000
갤럭시 폴드,790000
갤럭시 노트20 울트라,970000
갤럭시 노트10 5G,370000
갤럭시 S20 울트라,650000
갤럭시 A50,110000
갤럭시 S7 32GB,82000
갤럭시 A50,130000
갤럭시S21,680000
갤럭시 A9 2018 자급제,130000
갤럭시 S20,550000
아이폰X 64GB,400000
갤럭시 A51,240000
갤럭시 노트20,611000
갤럭시 S4 미니,37000
갤럭시 A51,260000
갤럭시 노트20,895000
갤럭시 Z 플립,884000
갤럭시 노트5 64GB,60000
갤럭시 폴더2 32GB,170000
갤럭시 S9 플러스 64GB,158000
갤럭시 폴더2 32GB,170000
갤럭시 폴더2 32GB,150000
갤럭시 A12,170000
아이폰12 128GB,900000
갤럭시 S9 플러스 256GB,180000
LG Q52,130000
갤럭시 S20 울트라,885000
갤럭시 S9 64GB,158000
갤럭시S21+,815000
갤럭시 폴드,720000
갤럭시 S9 플러스 64GB,170000
갤럭시 Z 플립,350000
갤럭시S21,744000
갤럭시 S8,130000
갤럭시 A31,175000
갤럭시 노트20,699000
갤럭시 폴더2 2021,219000
갤럭시 노트20 울트라,900000
갤럭시 폴더2 2021,219000
갤럭시S21+,893000
아이폰11프로맥스 64GB,770000
갤럭시 A80,215000
갤럭시 A31,185000
갤럭시S21+,800000
갤럭시 S20 FE,515000
갤럭시 A31,185000
아이폰12 128GB,840000
갤럭시 S10 5G 256GB,240000
V50s ThinQ,300000
갤럭시S21,744000
V50s ThinQ,275000
갤럭시 A50,127000
갤럭시 A21s,150000
갤럭시 S9 플러스 64GB,165000
아이폰11프로 256GB,720000
갤럭시 노트20,650000
갤럭시 A31,187000
아이폰12 64GB,903000
갤럭시 Z 플립 5G,680000
갤럭시 Z 플립,635000
갤럭시 S21 울트라 256GB,1030000
아이폰8 64GB,210000
아이폰12 64GB,903000
아이폰11프로맥스 64GB,840000
갤럭시 S20,519000
아이폰11프로맥스 64GB,840000
아이폰8 64GB,210000
갤럭시S21+,840000
갤럭시 노트10+ 5G 256GB,464000
갤럭시 A90 5G,229000
갤럭시 Z 폴드2,1100000
아이폰11프로 64GB,650000
아이폰6 128GB,100000
갤럭시 S20 울트라,620000
갤럭시 그랜드2,20000
갤럭시 노트20 울트라,760000
아이폰6s 64GB,120000
갤럭시 S20,415000
아이폰11 256GB,770000
Q51,100000
스마트210,10000
갤럭시 S10e,350000
갤럭시 S2 HD,11000
Q6,53000
갤럭시 노트 16GB 16GB,30000
갤럭시 J7 2016,42000
아이폰7 128GB,170000
아이폰12 128GB,1000000
아이폰8플러스 64GB,320000
와인 샤벳,13000
아이폰SE (2020) 128GB,298000
갤럭시 윈,20000
갤럭시 알파,36000
갤럭시 A5 2016,60000
Vega Xpress,10000
갤럭시 S10 5G 256GB,270000
갤럭시 와이드3,40000
갤럭시 A32,299900
갤럭시 와이드3,40000
미라크,20000
갤럭시 S10 5G 256GB,305000
갤럭시 A 퀀텀,360000
아이폰12 프로 맥스 512GB,1600000
엘지 지엑스2,32000
솔프라임,36000
갤럭시 U,10000
아이폰Xs 256GB,310000
갤럭시 Z 플립,630000
갤럭시 A 퀀텀,350000
갤럭시 S20 울트라,504500
갤럭시 A12 VIVA 트롯전국체전 editon,188000
갤럭시 A51,220000
갤럭시 S10e,212500
갤럭시 S21 울트라 256GB,1090000
갤럭시 S9 플러스 64GB,179000
LG윙,325000
갤럭시 노트9 128GB,175000
G7 ThinQ 64GB,99000
갤럭시 S10 5G 256GB,269000
갤럭시 S9 플러스 64GB,67000
갤럭시 S10 5G 256GB,312000
갤럭시 노트10+ 5G 256GB,533000
갤럭시 S10 128GB,259000
갤럭시 S20 울트라,649000
아이폰SE (2020) 128GB,320000
아이폰12 미니 64GB,650000
갤럭시 A50,120000
V50s ThinQ,255000
갤럭시 A30,110000
갤럭시 S9 64GB,190000
갤럭시 S20+,590000
갤럭시 S10e,200000
갤럭시 S9 플러스 256GB,220000
갤럭시 A90 5G,240000
갤럭시 노트5 64GB,110000
갤럭시 노트5 64GB,110000
갤럭시 S20 FE,515000
갤럭시 S10 5G 256GB,350000
갤럭시 노트9 128GB,290000
갤럭시 S9 64GB,190000
갤럭시 S10 128GB,330000
아이폰8 64GB,220000
갤럭시 S10e,280000
갤럭시 S10 5G 256GB,340000
갤럭시 A80,230000
아이폰8 64GB,215000
G6 64GB,85000
갤럭시 S6 엣지 64GB,75000
갤럭시 S10 128GB,295000
갤럭시 노트10+ 5G 256GB,455000
갤럭시 J6,65000
갤럭시 S10 128GB,315000
갤럭시 S9 64GB,170000
갤럭시 A90 5G,245000
갤럭시 노트9 128GB,285000
아이폰Xs 64GB,300000
갤럭시 J4+,60000
갤럭시 S7 32GB,74000
갤럭시 A21s,160000
갤럭시 A31,190000
갤럭시 A21s,160000
갤럭시 A50,185000
Q51,108000
G7 ThinQ 64GB,130000
갤럭시 노트9 128GB,200000
갤럭시 A51,205000
갤럭시 S9 64GB,205000
갤럭시 노트9 512GB,250000
갤럭시 A5 2017,110000
LG윙,270000
갤럭시 A32,295000
V50s ThinQ,455000
아이폰11프로맥스 64GB,280000
갤럭시 S20,185000
아이폰SE (2020) 64GB,135000
아이폰7 128GB,780000
G7 ThinQ 자급제 64GB,365000
갤럭시 Z 플립 5G,120000
LG윙,215000
신비 키즈폰,850000
갤럭시 노트9 128GB,227000
아이폰12 미니 128GB,150000
갤럭시 S20,549000
Q51,130000
갤럭시 폴더,60000
아이폰X 64GB,550000
갤럭시 S20+,319000
아이폰X 64GB,200000
갤럭시 Z 폴드2,460000
V50 ThinQ 128GB,480000
아이폰11 128GB,580000
갤럭시 S20+,140000
갤럭시 S20+,270000
갤럭시 A12,150000
아이폰8 256GB,230000
갤럭시 S9 플러스 64GB,60000
아이폰8 64GB,650000
갤럭시 S9 64GB,292000
갤럭시S21,179000
갤럭시 S10 128GB,960000
갤럭시 S8,127000
갤럭시 S10 5G 256GB,420000
갤럭시 S10 5G 256GB,420000
아이폰12 미니 128GB,880000
아이폰SE 128GB,229000
갤럭시 S20 울트라,665000
V40 ThinQ 128GB,148000
갤럭시 S9 플러스 64GB,175000
갤럭시 A12,158000
V50 ThinQ 128GB,175000
갤럭시 S10e,260000
LG윙,510000
갤럭시 S10 5G 256GB,430000
갤럭시 S20 FE,470000
V50s ThinQ,244000
갤럭시 Z 플립,610000
갤럭시 와이드4,64000
갤럭시 A31,179000
벨벳,250000
갤럭시 노트9 자급제 128GB,201000
갤럭시 노트9 128GB,274000
V40 ThinQ 128GB,125000
갤럭시 S20+,585000
갤럭시 S9 플러스 64GB,99000
아이폰11 256GB,710000
아이폰12 미니 64GB,660000
Q9,58000
Q51,64000
아이폰7 128GB,160000
아이폰SE (2020) 128GB,460000
갤럭시 A51,222000
갤럭시S21+,865000
아이폰Xs 맥스 512GB,495000
갤럭시 S9 64GB,188000
갤럭시 S10 5G 256GB,233000
갤럭시 노트10+ 5G 256GB,485000
V30 64GB,98000
G7 ThinQ 64GB,95000
갤럭시 S9 64GB,188000
갤럭시 S8+ 64GB,137000
갤럭시 노트9 128GB,253000
갤럭시 A10e,68000
아이폰7 32GB,116000
X4 2019,48000
갤럭시 A7 2018,106000
V50s ThinQ,222000
아이폰12 미니 64GB,630000
갤럭시 A9프로,100000
갤럭시S21,690000
갤럭시 A31,169000
갤럭시S21,690000
갤럭시 S10 5G 256GB,410000
갤럭시 노트20 울트라,795000
갤럭시 S9 64GB,179000
갤럭시 A90 5G,211000
Q9,68000
Q8,58000
갤럭시 A5 2017,64000
갤럭시 S8,106000
갤럭시 S10e,245000
갤럭시 노트9 128GB,198000
갤럭시 Z 폴드2,1020000
V50 ThinQ 128GB,225000
포코F1,95000
갤럭시 S10 128GB,340000
Q9,68000
Q51,90000
V50s ThinQ,222000
V50s ThinQ,185000
X6 2019,68000
갤럭시 S10 5G 256GB,298000
아이폰12 프로 맥스 128GB,1240000
V50 ThinQ 128GB,211000
아이폰SE (2020) 64GB,236000
갤럭시 노트9 128GB,237000
갤럭시 S9 64GB,137000
G6 64GB,85000
갤럭시 S9 플러스 64GB,144000
갤럭시 S10e,184000
V50 ThinQ 128GB,179000
갤럭시 Z 플립,570000
갤럭시 A21s,118000
갤럭시 S10 5G 256GB,285000
아이폰12 프로 맥스 256GB,1350000
아이폰Xs 맥스 64GB,400000
갤럭시 A31,140000
아이폰12 64GB,900000
갤럭시 폴더2 32GB,95000
갤럭시 S10 5G 256GB,292000
아이폰12 64GB,920000
갤럭시 와이드4,100000
갤럭시 폴더,53000
아이폰7 32GB,115000
갤럭시 S20,500000
아이폰X 256GB,375000
아이폰8 64GB,175000
갤럭시 S6 엣지 64GB,55000
아이폰SE (2020) 128GB,260000
갤럭시 Z 플립,539000
아이폰12 미니 128GB,799000
갤럭시 Z 플립 5G,799000
아이폰12 128GB,840000
갤럭시 A10,95000
V50 ThinQ 128GB,200000
아이폰12 미니 256GB,870000
갤럭시 S10e,255000
갤럭시 S9 64GB,185000
갤럭시 A90 5G,245000
갤럭시 노트8 256GB,175000
갤럭시 S10 5G 256GB,335000
갤럭시 S8+ 128GB,220000
갤럭시 S9 64GB,195000
X6 2019,125000
갤럭시 S6 엣지 64GB,80000
갤럭시 A30,90000
갤럭시 S8+ 64GB,140000
갤럭시 S8,185000
갤럭시 노트9 128GB,270000
갤럭시 S10 5G 256GB,270000
갤럭시 A10e,130000
갤럭시 A30,120000
아이폰Xs 256GB,470000
갤럭시 Z 플립 5G,850000
갤럭시 진,69000
갤럭시 노트10+ 5G 256GB,395000
갤럭시 노트10+ 5G 256GB,395000
아이폰12 프로 128GB,1085000
아이폰12 미니 128GB,785000
갤럭시 노트9 128GB,245000
갤럭시 노트10 5G,350000
갤럭시 노트9 128GB,270000
갤럭시 S10 5G 256GB,285000
갤럭시 S10+ 512GB,485000
갤럭시 S10+ 128GB,410000
갤럭시 A90 5G,235000
갤럭시 S9 64GB,135000
Q92,110000
갤럭시 Z 플립,665000
갤럭시 S10 128GB,380000
아이폰11 64GB,570000
갤럭시 S9 64GB,155000
갤럭시 노트10 5G,550000
갤럭시 A12,170000
갤럭시 A51,275000
갤럭시 Z 플립 5G,835000
갤럭시 S10e,355000
갤럭시 S10 5G 256GB,400000
갤럭시 노트10 5G,460000
갤럭시 A21s,135000
갤럭시 A90 5G,225000
갤럭시S21+,800000
Q51,95000
갤럭시 A90 5G,190000
갤럭시 A30,105000
갤럭시 S10e,265000
X6 2019,125000
갤럭시 노트10+ 5G 256GB,410000
아이폰Xs 64GB,370000
갤럭시 A31,160000
갤럭시 A50,170000
갤럭시 S10 128GB,380000
V50 ThinQ 128GB,200000
갤럭시 A10e,125000
갤럭시 S10 5G 256GB,295000
갤럭시 S20+,630000
갤럭시 S10 5G 256GB,225000
아이폰12 프로 맥스 256GB,1380000
갤럭시 Z 플립,635000
갤럭시 Z 플립,635000
갤럭시 S20+,635000
갤럭시 S10+ 128GB,350000
갤럭시 A90 5G,275000
갤럭시 노트10+ 5G 256GB,560000
갤럭시 S9 플러스 256GB,145000
갤럭시 S20+,630000
갤럭시 S10 5G 256GB,300000
갤럭시 S10 5G 256GB,400000
갤럭시 S20+,635000
갤럭시 노트8 256GB,150000
갤럭시 노트10+ 5G 256GB,465000
갤럭시 A6 2018,65000
갤럭시 S10 5G 256GB,320000
갤럭시 A30,66000
갤럭시 A 퀀텀,310000
아이폰7 128GB,161000
갤럭시 Z 플립,600000
갤럭시 노트20 울트라,800000
갤럭시 노트9 512GB,286000
Q51,140000
Q92,230000
갤럭시 S20 울트라,666000
갤럭시 A80,180000
갤럭시 A31,170000
갤럭시 S10 5G 512GB,300000
갤럭시 S10 5G 256GB,310000
갤럭시 A90 5G,250000
갤럭시 노트8 64GB,160000
G8 ThinQ,170000
갤럭시 S10 5G 256GB,300000
G7 ThinQ 64GB,100000
갤럭시 A 퀀텀,260000
갤럭시 노트9 128GB,240000
V50s ThinQ,220000
V50 ThinQ 128GB,240000
갤럭시 S7 32GB,96000
갤럭시 S10 5G 256GB,240000
G7 ThinQ 64GB,100000
갤럭시 S6 엣지플러스 32GB,86000
아이폰SE (2020) 128GB,255000
갤럭시 노트20,570000
갤럭시S21,680000
갤럭시 A7 2017,59000
갤럭시 A5 2017,75000
갤럭시 A7 2017,46000
갤럭시 A51,240000
V50 ThinQ 128GB,130000
갤럭시 A9프로,110000
아이폰8 64GB,175000
갤럭시 A90 5G,160000
갤럭시 S10 5G 256GB,245000
갤럭시 폴더2 32GB,70000
갤럭시 A51,226000
갤럭시 Z 플립,570000
갤럭시 A9프로,100000
갤럭시 노트5 64GB,80000
아이폰X 64GB,290000
갤럭시 노트9 128GB,240000
갤럭시 S10 5G 256GB,220000
갤럭시 노트9 128GB,240000
아이폰11프로 64GB,590000
갤럭시 노트8 256GB,210000
갤럭시 A 퀀텀,230000
갤럭시 와이드4,82000
G7 ThinQ 64GB,100000
G7 ThinQ 64GB,100000
갤럭시 A51,240000
갤럭시 A40,130000
G7 ThinQ 64GB,110000
갤럭시 A31,180000
Q9,95000
아이폰12 미니 128GB,750000
벨벳,260000
아이폰8플러스 64GB,280000
갤럭시S21,680000
아이폰SE (2020) 128GB,300000
갤럭시 A30,80000
아이폰12 미니 128GB,780000
갤럭시S21,670000
벨벳,270000
갤럭시 S8,135000
갤럭시 노트8 256GB,185000
G6 64GB,66000
아이폰SE (2020) 64GB,280000
Q92,170000
아이폰7 32GB,115000
갤럭시 S10+ 128GB,240000
Q92,160000
갤럭시 그랜드 맥스,20000
Q61,120000
V50s ThinQ,160000
Q61,120000
갤럭시 그랜드2,20000
갤럭시 A40,120000
엘지 G2,20000
Q31,70000
Q9 One,95000
갤럭시 A42 5G,260000
갤럭시 A21s,130000
갤럭시S21,660000
벨벳,260000
갤럭시 A90 5G,220000
아이폰12 미니 128GB,730000
V50 ThinQ 128GB,260000
V50 ThinQ 128GB,260000
갤럭시 S10+ 128GB,300000
갤럭시 노트20,560000
갤럭시 Z 플립 5G,740000
G8 ThinQ,140000
갤럭시 A7 2016,72000
갤럭시 A7 2018,82000
갤럭시 S8,90000
갤럭시 노트10+ 5G 512GB,240000
갤럭시 A7 2018,48000
아이폰7플러스 128GB,190000
갤럭시 S20 울트라,530000
갤럭시 A31,209000
갤럭시 A30,69000
아이폰Xs 256GB,362000
갤럭시 S8,130000
아이폰12 미니 128GB,780000
갤럭시 A31,209000
아이폰12 프로 맥스 256GB,1137000
아이폰12 미니 128GB,742000
갤럭시 S8,129000
아이폰11 128GB,540000
갤럭시 노트10+ 5G 512GB,340000
갤럭시 S10 5G 256GB,205000
갤럭시 S10 5G 256GB,250000
아이폰11 256GB,730000
아이폰11 256GB,730000
갤럭시 A51,249000
갤럭시 A31,210000
갤럭시 A8 Star,103000
갤럭시 A90 5G,260000
LG윙,324000
갤럭시 S10 5G 256GB,315000
아이폰11 128GB,585000
갤럭시 A21s,130000
갤럭시 A31,210000
갤럭시 와이드2,43000
갤럭시 A50,135000
갤럭시 S9 64GB,200000
갤럭시 노트10 5G,380000
아이폰XR 128GB,360000
갤럭시 A50,129000
갤럭시 Jump,275000
갤럭시 S9 64GB,130000
갤럭시 노트9 128GB,187000
갤럭시 S8,120000
갤럭시 S10 5G 256GB,259000
갤럭시 노트10+ 5G 256GB,282000
아이폰8플러스 64GB,871000
아이폰12 128GB,860000
아이폰12 128GB,370000
아이폰Xs 64GB,301000
갤럭시 A42 5G,180000
갤럭시 S9 플러스 64GB,285000
갤럭시 S10 128GB,996000
갤럭시 S21 울트라 256GB,270000
벨벳,750000
갤럭시S21+,1350000
갤럭시 Z 폴드2,1189000
아이폰12 프로 256GB,120000
갤럭시 A21s,298000
갤럭시 S10 128GB,210000
갤럭시 A31,210000
갤럭시 A31,155000
갤럭시 노트9 128GB,20000
볼트폰,820000
V50 ThinQ 128GB,160000
갤럭시 A32,259000
갤럭시 A32,259000
G 플렉스,80000
G 플렉스,80000
갤럭시 A31,160000
갤럭시 A9프로,135000
아이폰11프로 256GB,760000
갤럭시 노트10 5G,440000
갤럭시 노트10 5G,440000
갤럭시 A31,250000
V50s ThinQ,260000
V50 ThinQ 128GB,205000
갤럭시 A31,160000
갤럭시 노트10 5G,330000
갤럭시 와이드4,104000
갤럭시 노트20 울트라,797000
갤럭시 A 퀀텀,250000
갤럭시 S9 64GB,176000
갤럭시 노트10 5G,299000
갤럭시 S9 64GB,176000
아이폰12 프로 128GB,1090000
갤럭시 M style,20000
갤럭시 A50,140000
갤럭시 S6 엣지 32GB,30000
갤럭시 A21s,160000
갤럭시 A21s,160000
갤럭시 J4+,95000
Q61,129000
아이폰11 128GB,620000
갤럭시 A30,133000
갤럭시 와이드4,120000
갤럭시 A12,160000
갤럭시 A31,185000
갤럭시 Z 플립,580000
갤럭시 Z 플립 5G,900000
갤럭시 A31,150000
갤럭시 A7 2018,80000
아이폰7 128GB,110000
갤럭시 A51,200000
갤럭시 노트10+ 5G 256GB,680000
갤럭시 노트10 5G,630000
갤럭시 S10 5G 256GB,263000
갤럭시 A31,175000
갤럭시 A42 5G,268000
갤럭시 S9 64GB,135000
갤럭시 S9 64GB,138000
갤럭시 S9 64GB,126000
갤럭시 노트9 128GB,165000
갤럭시 노트9 128GB,173000
갤럭시 S9 플러스 자급제 64GB,128000
갤럭시 노트9 512GB,250000
갤럭시 A 퀀텀,263000
갤럭시 A 퀀텀,257000
와인스마트3G,28000
갤럭시 S9 플러스 64GB,167000
Q51,91000
Q70,115000
Q61,117000
갤럭시 A51,226000
갤럭시 A51,235000
갤럭시 A51,235000
아이폰XR 128GB,347000
Q61,103000
갤럭시 S9 플러스 256GB,165000
갤럭시 노트9 128GB,176000
갤럭시S21,665000
갤럭시 S9 64GB,149900
갤럭시 노트9 128GB,199000
갤럭시 S10 5G 256GB,233000
갤럭시 A80,133000
V50s ThinQ,289000
갤럭시 S10 128GB,285000
갤럭시 노트10+ 5G 256GB,560000
갤럭시 S10 5G 512GB,440000
갤럭시 노트10 5G,465000
갤럭시 노트10 5G,385000
아이폰11 64GB,575000
아이폰12 프로 맥스 128GB,1230000
아이폰SE (2020) 64GB,279000
아이폰11 128GB,545000
아이폰8플러스 256GB,330000
아이폰12 프로 128GB,1060000
갤럭시 S10e,210000
갤럭시 S6 32GB,40000
갤럭시 Z 폴드2,1145000
갤럭시 폴드,715000
갤럭시 A21s,159000
갤럭시 A8 2018 32GB,45000
갤럭시 A31,140000
갤럭시 A31,140000
아이폰SE (2020) 128GB,300000
갤럭시 A7 2018,50000
갤럭시 S10 5G 256GB,260000
아이폰8플러스 256GB,310000
갤럭시 노트8 64GB,140000
아이폰12 128GB,820000
아이폰11 64GB,530000
아이폰XR 256GB,388000
갤럭시 A50,133000
Q92,183000
갤럭시 노트10 5G,292000
갤럭시 노트9 128GB,169000
갤럭시 노트9 128GB,144500
갤럭시 A31,175000
갤럭시 A32,220000
아이폰XR 64GB,314500
갤럭시 S9 플러스 64GB,49000
갤럭시 S9 64GB,148000
갤럭시 A31,149900
X2 2019,49000
갤럭시 노트9 128GB,89900
갤럭시 그랜드 맥스,19000
아이폰12 미니 128GB,750000
갤럭시 S10 128GB,260000
갤럭시 A90 5G,195000
아이폰11프로 256GB,680000
아이폰12 64GB,840000
갤럭시 S20+ BTS 에디션,670000
갤럭시S21,665000
갤럭시 S9 플러스 64GB,200000
아이폰SE 64GB,100000
갤럭시 S10 128GB,260000
아이폰SE 32GB,90000
갤럭시 S10+ 512GB,360000
갤럭시 노트20 울트라,800000
갤럭시 S20 FE,498000
갤럭시 노트5 32GB,75000
갤럭시 S10 128GB,274000
갤럭시 Z 플립 5G,767000
V30 64GB,84000
갤럭시 노트10 5G,330000
아이폰SE (2020) 64GB,287000
갤럭시 노트10+ 5G 256GB,460000
갤럭시 S20+,570000
갤럭시 노트20 울트라,820000
아이폰11 128GB,370000
갤럭시 S10 5G 256GB,300000
갤럭시S21,725000
갤럭시퀀텀2,499000
아이폰11 128GB,326000
아이폰11프로 256GB,1200000
아이폰7플러스 128GB,190000
갤럭시 S10 5G 256GB,260000
갤럭시 A31,170000
갤럭시 Z 폴드2,1190000
갤럭시S21+,830000
아이폰11프로 256GB,800000
갤럭시 S8,240000
갤럭시 노트20 울트라,829000
V50s ThinQ,200000
아이폰12 미니 64GB,690000
갤럭시 A51,339000
갤럭시 A51,339000
아이폰12 프로 맥스 128GB,1319000
갤럭시S21,739000
갤럭시 A9 2018,150000
아이폰8 64GB,160000
갤럭시 A32,255000
갤럭시 Z 폴드2,1350000
갤럭시 A31,230000
G8 ThinQ,170000
갤럭시 A32,299000
갤럭시 노트10+ 5G 256GB,480000
아이폰Xs 맥스 64GB,490000
갤럭시 S10 128GB,249000
갤럭시 A50,119900
갤럭시 노트8 64GB,180000
아이폰Xs 64GB,313000
갤럭시 S9 64GB,175000
Q92,134000
갤럭시 S20+,610000
갤럭시 A90 5G,265000
X4플러스,120000
갤럭시S21+,890000
아이폰SE (2020) 64GB,300000
아이폰11프로맥스 64GB,880000
아이폰SE (2020) 64GB,300000
아이폰11 128GB,630000
갤럭시 A31,165000
아이폰SE (2020) 64GB,260000
갤럭시 S10 512GB,195000
아이폰SE (2020) 128GB,388000
아이폰SE (2020) 128GB,388000
V50 ThinQ 128GB,147000
갤럭시 A30,73000
갤럭시 노트9 128GB,179000
갤럭시 M20,97000
갤럭시 A51,230000
갤럭시S21,710000
갤럭시 A51,220000
갤럭시 A30,80000
갤럭시 A31,200000
갤럭시 A30,80000
갤럭시 S10 5G 256GB,280000
갤럭시 Jump,266000
갤럭시 S10e,190000
갤럭시 노트9 128GB,186000
갤럭시 S10e,205000
갤럭시 S10e,240000
갤럭시 S8,116000
아이폰6s 16GB,60000
갤럭시 S6 32GB,170000
아이폰8 64GB,1900000
아이폰12 프로 512GB,260000
갤럭시 S10 128GB,475000
아이폰SE (2020) 256GB,268000
갤럭시 S10 5G 256GB,140000
갤럭시 A31,250000
갤럭시 A 퀀텀,210000
갤럭시 S10e,169000
아이폰SE 64GB,211000
갤럭시 노트8 256GB,289000
갤럭시 S10 5G 256GB,1290000
갤럭시 Z 폴드2,53000
G6 32GB,180000
갤럭시 A31,183000
갤럭시 S8,290000
아이폰XR 64GB,500000
Q9,40000
아이폰12 미니 128GB,700000
갤럭시 S10 5G 256GB,289000
X4 2019,64000
갤럭시 S10 5G 256GB,289000
갤럭시 S10 5G 256GB,289000
갤럭시 S10 5G 256GB,236000
갤럭시 폴더2 2021,180000
아이폰X 64GB,257000
갤럭시S21,660000
갤럭시 노트20 울트라,899000
갤럭시 노트9 128GB,208000
갤럭시 노트10 5G,450000
갤럭시 노트10+ 5G 256GB,430000
갤럭시 S20 울트라,610000
갤럭시 A 퀀텀,290000
갤럭시 A90 5G,180000
갤럭시 A10e,75000
갤럭시 S9 64GB,70000
갤럭시 S8,55000
갤럭시 폴더2 32GB,360000
갤럭시 S8,72000
갤럭시 폴더2 32GB,180000
와인 스마트,32000
갤럭시 A7 2017,45000
갤럭시 노트20,690000
벨벳,230000
와인스마트3G,53000
갤럭시 A80,134000
갤럭시 노트10+ 5G 256GB,432000
X2 2019,49000
갤럭시 A10e,60000
갤럭시 S9 64GB,169000
갤럭시 S10 5G 256GB,240000
갤럭시 온7 2018,50000
아이폰SE (2020) 64GB,285000
갤럭시 노트9 128GB,270000
갤럭시 노트9 128GB,140000
아이폰8플러스 64GB,369000
갤럭시 와이드2,40000
아이폰6s 128GB,137000
엘지 V10,53000
갤럭시 S10 5G 256GB,314500
아이폰11 128GB,650000
V40 ThinQ 128GB,142000
갤럭시 S10 5G 256GB,250000
아이폰12 128GB,840000
아이폰SE (2020) 128GB,320000
갤럭시 S10e,210000
갤럭시 S10e,210000
갤럭시 S10 5G 256GB,250000
갤럭시 S10 128GB,249000
V50 ThinQ 128GB,211000
아이폰11프로 256GB,680000
V40 ThinQ 128GB,120000
V50 ThinQ 128GB,158000
갤럭시S21,740000
V50 ThinQ 128GB,139000
갤럭시 A32,280000
갤럭시 S10+ 128GB,298000
아이폰11 64GB,530000
벨벳,268000
갤럭시S21,730000
갤럭시 A31,190000
갤럭시S21+,940000
Q51,63000
갤럭시 Z 폴드2,1350000
아이폰SE (2020) 128GB,309000
Q51,73000
갤럭시 A9프로,120000
Q92,134000
아이폰11 64GB,500000
아이폰12 프로 256GB,1130000
갤럭시S21+,749000
갤럭시 S10 5G 256GB,274000
갤럭시퀀텀2,470000
갤럭시 S9 64GB,210000
아이폰SE (2020) 64GB,250000
갤럭시 Z 플립,530000
갤럭시 S10 5G 256GB,573000
갤럭시 S10e,211000
벨벳,265000
갤럭시 노트9 128GB,200000
갤럭시 A30,95000
아이폰Xs 맥스 64GB,460000
갤럭시 S10 5G 256GB,295000
갤럭시S21,720000
갤럭시 Z 플립,605000
갤럭시S21,699000
U+브라보라이프폰,90000
갤럭시 S20+,595000
갤럭시 S10 128GB,250000
갤럭시 J7 2016,60000
갤럭시 S20,540000
갤럭시 진,68000
갤럭시 A21s,187000
갤럭시 노트9 128GB,220000
Q61,110000
갤럭시 A31,290000
갤럭시 폴드,1030000
갤럭시 S10e,210000
갤럭시 S20+,518000
갤럭시 S10 5G 256GB,245000
갤럭시S21,790000
아이폰12 프로 맥스 256GB,1355000
갤럭시 S10 512GB,410600
갤럭시 M20,110000
갤럭시 S20 FE,550000
갤럭시 S9 64GB,160000
갤럭시 A51,270000
Q61,100000
아이폰7 128GB,130000
갤럭시 A7 2018,80000
LG윙,342000
갤럭시 A21s,150000
아이폰6 64GB,60000
Q51,95000
스마트폴더,160000
갤럭시 A51,284000
V50s ThinQ,194000
Q8 2018,78000
V50s ThinQ,173000
아이폰12 64GB,910000
V50s ThinQ,194000
V50s ThinQ,450000
갤럭시 Z 플립,630000
갤럭시 A32,280000
갤럭시 폴더2 2021,175000
G8 ThinQ,106000
아이폰11 128GB,600000
V50s ThinQ,163000
아이폰Xs 맥스 64GB,520000
Q51,106000
갤럭시 노트20,550000
V50 ThinQ 128GB,184000
갤럭시 Jump,260000
V50 ThinQ 128GB,163000
갤럭시A90 5G,240000
아이폰6 128GB,100000
Q51,106000
갤럭시 Z 폴드2,1250000
갤럭시 노트10+ 5G 256GB,540000
갤럭시 노트10 5G,400000
갤럭시 A32,260000
갤럭시 A32,260000
갤럭시 폴더,39000
갤럭시 노트20 울트라,840000
갤럭시 S9 플러스 64GB,140000
갤럭시 S9 64GB,163000
갤럭시 S20 FE,500000
V50s ThinQ,150000
아이폰SE (2020) 128GB,415000
아이폰SE (2020) 128GB,415000
갤럭시 진2,57000
아이폰SE (2020) 128GB,415000
갤럭시 진2,68000
갤럭시 S5 광대역 LTE-A,50000
갤럭시S21,685000
갤럭시 노트20,720000
갤럭시 M20,150000
갤럭시 A 퀀텀,390000
갤럭시 A 퀀텀,390000
갤럭시 Z 폴드2,1250000
아이폰11프로 64GB,650000
아이폰5S 16GB,55000
갤럭시 S10e,300000
홍미노트10 프로,230000
갤럭시 S4 LTE-A 16GB,35000
갤럭시 폴더,40000
아이폰12 미니 128GB,740000
갤럭시A90 5G,284000
갤럭시 S20 울트라,695000
V50 ThinQ 128GB,189000
LG Q52,170000
아이폰12 프로 맥스 128GB,1280000
베가S,7000
베가 S5,20000
갤럭시 노트3 네오,100000
갤럭시 S6 32GB,10000
갤럭시 S6 64GB,10000
갤럭시 A5,10000
Q8 2018,150000
갤럭시 J5 2017,25000
갤럭시S21,760000
Q7,300000
블랙베리,60000
갤럭시 S7 64GB,10000
갤럭시 노트5 32GB,300000
베가 아이언,9000
갤럭시 S 호핀,15000
갤럭시 S7 32GB,70000
갤럭시 노트20 울트라,850000
갤럭시 노트5 32GB,15000
갤럭시 S6 32GB,20000
갤럭시 S6 32GB,10000
아이폰12 프로 맥스 512GB,1390000
쿨패드 7269,30000
갤럭시 S10 5G 256GB,470000
갤럭시 S20,470000
갤럭시 노트5 32GB,10000
카시오 지즈원,17000
G 스타일로,35000
아이폰Xs 맥스 256GB,380000
아이폰12 프로 맥스 128GB,1300000
갤럭시 노트3 네오,100000
갤럭시 그랜드 맥스,40000
갤럭시 S20,579000
갤럭시 A31,199500
갤럭시 S10e,379000
갤럭시 A21s,130000
갤럭시 S10e,379000
갤럭시 노트20,510000
갤럭시 S20+,642000
갤럭시 폴더2 16GB,50000
V30 64GB,89000
Q51,62000
갤럭시 노트9 자급제 512GB,410000
갤럭시 S10e,379000
갤럭시 S10e,379000
갤럭시 A51,284000
갤럭시 노트10+ 5G 256GB,558000
갤럭시 A50,210000
갤럭시 S10 5G 256GB,410000
갤럭시 노트9 자급제 128GB,363000
갤럭시 A31,199500
갤럭시 A51,284000
갤럭시 노트20 울트라,884000
V30 128GB,89000
아이폰11프로 256GB,800000
갤럭시 A50,210000
갤럭시A90 5G,284000
갤럭시 노트20,684000
갤럭시 A31,199500
갤럭시 노트20 울트라,884000
갤럭시 A50,210000
갤럭시 A51,284000
갤럭시 S10+ 128GB,432000
갤럭시 A21s,140000
갤럭시 S10 5G 256GB,410000
갤럭시 폴더2 32GB,180000
갤럭시 S7 32GB,69000
갤럭시 A50,210000
갤럭시 노트9 자급제 128GB,363000
갤럭시 A31,199500
V30 64GB,68000
아이폰12 프로 맥스 512GB,1564000
아이폰SE (2020) 128GB,410000
갤럭시 노트9 128GB,264000
갤럭시 S8,98000
아이폰12 프로 맥스 256GB,1380000
갤럭시 S8+ 128GB,70000
아이폰12 프로 맥스 256GB,1420000
아이폰12 프로 맥스 256GB,1420000
G7 ThinQ 64GB,99000
갤럭시 S10 5G 256GB,116000
갤럭시 노트20 울트라,1040000
Q7,52000
갤럭시 S10 5G 256GB,185000
갤럭시 A21s,162000
갤럭시 S8,58000
X5,90000
아이폰12 프로 맥스 128GB,1300000
G7 ThinQ 64GB,99000
갤럭시 폴더2 32GB,99000
G3 비트,29000
갤럭시 와이드,35000
LG 지프로2,46000
갤럭시 S9 64GB,160000
갤럭시 노트 4,39000
갤럭시 폴더2 32GB,29000
갤럭시 노트5 32GB,59000
갤럭시 노트5 128GB,95000
X500,35000
엘지 G2,25000
갤럭시 S10e,225000
갤럭시 노트5 32GB,63000
갤럭시 S5 광대역 LTE-A,29000
G7 ThinQ 64GB,99000
갤럭시 A7 2017,59000
갤럭시 J5 센스,24000
갤럭시S21,750000
아이폰SE (2020) 64GB,288000
갤럭시 J3 2016,25000
아이폰8 64GB,179000
갤럭시 노트20 울트라,830000
갤럭시 Z 폴드2,1250000
갤럭시 그랜드 맥스,20000
Q51,140000
갤럭시 A9프로,150000
갤럭시 진,63000
갤럭시 A10e,115000
갤럭시 S9 64GB,195000
갤럭시 S9 64GB,205000
갤럭시 A8 Star,130000
갤럭시 A30,105000
갤럭시 A30,105000
갤럭시 S9 64GB,185000
아이폰12 프로 맥스 512GB,1650000
갤럭시 A12,170000
갤럭시 A31,190000
갤럭시 S20,258000
아이폰12 프로 128GB,1050000
갤럭시 A31,155000
갤럭시 A31,155000
갤럭시 A31,155000
아이폰SE (2020) 128GB,330000
Q61,160000
갤럭시 S4 LTE-A 32GB,25000
LG윙,316000
갤럭시 Z 폴드2,1390000
갤럭시 S10 5G 256GB,263000
LG윙,295000
아이폰11프로맥스 64GB,1015000
갤럭시 A90 5G,137000
갤럭시 S21 울트라 256GB,960000
갤럭시 Z 플립,560000
아이폰Xs 맥스 64GB,770000
아이폰11프로 64GB,910000
G7 ThinQ 64GB,94500
Q92,210000
갤럭시 노트8 64GB,158000
갤럭시 A31,170000
갤럭시 S9 플러스 256GB,194000
갤럭시 S8,95000
아이폰Xs 맥스 256GB,517000
아이폰Xs 맥스 256GB,517000
갤럭시 A51,200000
갤럭시 S10 5G 256GB,273500
X4 2019,60000
X6 2019,80000
갤럭시J4+,80000
Q51,100000
Q9,63000
아이폰7 32GB,110000
갤럭시 S9 64GB,160000
갤럭시 A31,180000
벨벳,250000
갤럭시 A32,260000
V50s ThinQ,270000
갤럭시 폴드,610000
V40 ThinQ 128GB,75000
갤럭시 폴더2 16GB,50000
갤럭시 와이드3,45900
갤럭시 A31,220000
아이폰7 32GB,275000
갤럭시 S8,178000
Q51,95000
갤럭시퀀텀2,440000
갤럭시 A8 2018 32GB,77000
갤럭시 A21s,140000
갤럭시 S9 64GB,114000
갤럭시 S10e,225000
갤럭시 A90 5G,110000
갤럭시S21,799000
갤럭시 노트8 64GB,114000
갤럭시 M20,5000
아이폰XR 128GB,375000
갤럭시 S7 32GB,56000
갤럭시S21,689000
갤럭시 S9 64GB,114000
갤럭시 S9 64GB,110000
갤럭시 노트8 64GB,135000
갤럭시 S10 128GB,300000
갤럭시 S7 32GB,85000
갤럭시 노트9 128GB,162000
갤럭시 A31,130000
갤럭시 노트8 256GB,125000
갤럭시 S7 엣지 64GB,127000
갤럭시 진2,65000
갤럭시 S9 플러스 256GB,109000
갤럭시 노트10 5G,360000
베가 S5,40000
페르소나폰 아카,100000
갤럭시 S10+ 128GB,329000
갤럭시 S8,72000
아이폰Xs 64GB,350000
갤럭시 S9 플러스 64GB,17000
갤럭시 S,8000
옵티머스G 프로,7000
갤럭시 M20,80000
갤럭시 S5,12000
갤럭시 S10 128GB,209000
옵티머스 G,10000
갤럭시 그랜드,20000
엘지 G3,100000
갤럭시 S,12000
X2 2019 ZEM,100000
LG 지프로2,10000
갤럭시 W,35000
갤럭시 S10 128GB,1229000
아이폰12 프로 256GB,160000
갤럭시 폴더2 32GB,1120000
아이폰12 256GB,240000
아이폰Xs 64GB,78000
갤럭시 S8+ 64GB,310000
갤럭시 노트10+ 5G 256GB,360000
갤럭시 S10 5G 256GB,110000
V40 ThinQ 128GB,180000
갤럭시 A31,95000
갤럭시 노트8 64GB,60000
G8 ThinQ,159000
갤럭시 A31,180000
아이폰12 프로 128GB,1050000
갤럭시 J5 2017,55000
갤럭시 와이드4,80000
갤럭시 A7 2018,85000
갤럭시 J5 2016,45000
갤럭시퀀텀2,470000
갤럭시 A12,150000
갤럭시 노트20,750000
갤럭시 노트9 128GB,200000
갤럭시 노트9 512GB,410000
갤럭시 A90 5G,284000
아이폰8 64GB,200000
갤럭시 Z 플립,679000
갤럭시 A31,199500
갤럭시 A80,253000
아이폰12 프로 맥스 512GB,1410000
갤럭시 노트10+ 5G 256GB,558000
갤럭시 A51,284000
갤럭시 S20 울트라,695000
갤럭시 S8,163000
갤럭시 S20,579000
갤럭시 S10 5G 256GB,270000
갤럭시 S8,142000
갤럭시 A51,284000
갤럭시 S8,142000
갤럭시 노트20,684000
갤럭시 S8,100000
갤럭시 S10+ 128GB,442000
아이폰Xs 맥스 64GB,480000
갤럭시 폴더2 32GB,180000
갤럭시 노트10 5G,367000
신비 키즈폰,110000
갤럭시 S10 128GB,285000
Q61,110000
갤럭시 S10+ 128GB,360000
Q61,110000
갤럭시 S10 128GB,265000
Q61,99000
갤럭시 S8+ 128GB,155000
V50 ThinQ 128GB,185000
갤럭시 노트9 128GB,265000
갤럭시 Z 플립 5G,790000
V50 ThinQ 128GB,199000
갤럭시 노트10 5G,380000
갤럭시 노트20,674000
갤럭시 노트20,674000
갤럭시S21+,780000
갤럭시 A31,199500
갤럭시 S10e,379000
미10라이트,160000
V50 ThinQ 128GB,190000
아이폰12 미니 128GB,770000
갤럭시 S20+,642000
갤럭시 A90 5G,284000
갤럭시 S10 5G 512GB,330000
갤럭시 노트20,674000
갤럭시 S10e,379000
아이폰12 프로 128GB,1060000
갤럭시 A31,199500
아이폰8 64GB,175000
갤럭시 노트10+ 5G 256GB,558000
갤럭시 S10e,379000
갤럭시 S20,579000
아이폰X 256GB,450000
갤럭시 A31,199500
갤럭시 노트10+ 5G 256GB,558000
갤럭시 S20,579000
갤럭시S21,740000
갤럭시S21+,800000
갤럭시 S10 5G 256GB,399000
아이폰SE (2020) 128GB,380000
갤럭시 A9프로,127000
갤럭시 S10+ 128GB,432000
갤럭시 A31,199500
갤럭시 S10+ 128GB,432000
아이폰8 256GB,240000
갤럭시 A51,260000
갤럭시 노트3 네오,89000
갤럭시 노트10+ 5G 256GB,395000
갤럭시 S8,120000
갤럭시A90 5G,284000
갤럭시S21,650000
갤럭시 A21s,155000
갤럭시 A21s,155000
갤럭시 S10e,379000
갤럭시 A21s,155000
갤럭시 S10e,379000
갤럭시 S10+ 128GB,432000
갤럭시 노트10+ 5G 256GB,558000
갤럭시 S10e,379000
갤럭시 A90 5G,284000
아이폰XR 64GB,350000
갤럭시 노트9 128GB,300000
갤럭시 A32,246000
갤럭시 A50,140000
아이폰11 128GB,109000
갤럭시 S9 플러스 64GB,175000
갤럭시 노트8 64GB,315000
갤럭시 노트8 64GB,325000
갤럭시 A30,75000
갤럭시 노트10+ 5G 256GB,559000
갤럭시 S9 플러스 자급제 64GB,196000
갤럭시 노트8 64GB,159000
갤럭시 S9 자급제 128GB,325000
갤럭시 S9 자급제 128GB,325000
갤럭시 S9 자급제 128GB,319000
갤럭시 A90 5G,180000
갤럭시 A21s,135000
Q51,110000
Q51,90000
Q61,131000
갤럭시 폴더2 2021,180000
갤럭시 노트9 512GB,240000
갤럭시 와이드4,50000
갤럭시S21,670000
갤럭시 노트9 128GB,120000
갤럭시 A12,149000
갤럭시S21,669000
갤럭시 폴더2 2021,179000
아이폰11 128GB,535000
갤럭시 A51,208000
갤럭시 Z 플립,150000
갤럭시 S8+ 64GB,55000
갤럭시 A50,59000
갤럭시 Z 플립,150000
X4 2019,65000
갤럭시 Z 플립,735000
아이폰Xs 256GB,418000
갤럭시 S21 울트라 256GB,915000
갤럭시 A90 5G,215000
갤럭시 노트10 5G,289000
아이폰12 256GB,945000
갤럭시 S20 울트라,530000
갤럭시 S20 FE,105000
아이폰SE 64GB,100000
갤럭시 S10 5G 256GB,267000
갤럭시 폴드,639000
V50 ThinQ 128GB,185000
V50s ThinQ,236000
G8 ThinQ,215000
갤럭시 노트20,464000
갤럭시 S10 5G 256GB,370000
와인스마트 재즈,15000
갤럭시 노트9 128GB,260000
갤럭시 S4 LTE-A 16GB,20000
교세라토크,36000
교세라토크,36000
교세라토크,36000
갤럭시 A9프로,130000
Q92,199000
갤럭시 S10+ 512GB,335000
갤럭시S21,679000
갤럭시 폴더,26000
아이폰6s 16GB,15000
와인 샤벳,10000
아이폰12 128GB,860000
갤럭시 노트10+ 5G 256GB,360000
갤럭시 노트8 64GB,146000
갤럭시 노트8 64GB,145000
갤럭시 노트9 512GB,203000
갤럭시 폴더2 3G,50000
갤럭시 노트8 64GB,145000
갤럭시 S9 플러스 64GB,115000
아이폰8 64GB,205000
아이폰12 프로 맥스 128GB,1319000
와인 스마트,27000
갤럭시 노트20,599000
갤럭시 폴더,23000
갤럭시 S20+,293000
G6 32GB,60000
V50 ThinQ 128GB,180000
쏠,27000
와인스마트3G,16000
와인스마트3G,18000
갤럭시 노트10+ 5G 256GB,454000
갤럭시 S10 5G 256GB,260000
아이폰Xs 64GB,330000
갤럭시 노트10 5G,150000
벨벳,270000
갤럭시 A5 2017,39000
갤럭시 와이드3,52000
갤럭시 노트 4S-LTE,25000
아이폰7 128GB,168000
G3 스크린,28000
갤럭시 J3 2017,38000
갤럭시 S7 32GB,65000
LG윙,477000
아이폰4 8GB 8GB,49000
Q7,55000
갤럭시 S20+,550000
V50 ThinQ 128GB,165000
아이폰7 128GB,89000
블랙샤크2 128GB,170000
갤럭시 Z 플립,600000
V50s ThinQ,106000
갤럭시 Z 플립,558000
갤럭시 S8+ 64GB,245000
갤럭시 S20,500000
아이폰7 128GB,150000
Q31,71000
갤럭시 S10 128GB,275000
갤럭시 A8 2018 32GB,82000
V50 ThinQ 128GB,159000
LG윙,211000
갤럭시 S5,20000
아이폰12 미니 64GB,660000
갤럭시 A8 Star,45000
갤럭시 A8 Star,40000
갤럭시 A8 2018 32GB,55000
갤럭시 S20 FE,24000
갤럭시 S9 64GB,155000
갤럭시 A90 5G,199000
아이폰12 프로 256GB,1050000
갤럭시 A31,160000
V50s ThinQ,230000
갤럭시 Z 플립,560000
아이폰6 64GB,172000
갤럭시 A31,200000
갤럭시 노트8 64GB,180000
갤럭시 A90 5G,11000
와인 샤벳,9000
프라다폰 3.0,200000
아이폰7플러스 128GB,1180000
갤럭시 S20 울트라,32000
아이폰12 프로 맥스 128GB,60000
X2,149000
X4 2019,247000
갤럭시 A50,250000
갤럭시 S10 5G 256GB,835000
벨벳,260000
아이폰12 미니 128GB,1150000
아이폰Xs 64GB,1150000
갤럭시 노트20 울트라,1150000
갤럭시 A40,99000
갤럭시 S20,520000
아이폰11프로 256GB,739000
갤럭시 S9 64GB,187000
갤럭시 Z 플립,490000
벨벳,380000
갤럭시 A8 2018 32GB,85000
갤럭시 A42 5G,250000
갤럭시 A30,148000
Q92,220000
갤럭시 S10 5G 256GB,272000
갤럭시 A31,159000
아이폰12 64GB,920000
갤럭시 S21 울트라 256GB,850000
갤럭시 S20+,130000
갤럭시 노트20 울트라,126000
갤럭시 S10e,600000
갤럭시 S8,245000
Q51,100000
갤럭시 S10 5G 256GB,399000
갤럭시 S20 울트라,590000
갤럭시 A31,215000
갤럭시 S10 5G 256GB,295000
갤럭시 A90 5G,189000
아이폰11 64GB,619000
X4 2019,89000
LG 지프로2,125000
갤럭시 J6,125000
X4플러스,85000
아이폰Xs 64GB,319000
아이폰SE (2020) 256GB,470000
아이폰12 미니 64GB,670000
갤럭시 S10+ 128GB,419000
아이폰SE 64GB,150000
아이폰12 미니 128GB,950000
갤럭시 S20+,863100
아이폰SE (2020) 128GB,390000
갤럭시 A32,220000
갤럭시 A10e,105000
아이폰12 미니 128GB,815000
아이폰11프로 256GB,724000
Q31,60000
갤럭시 S20 울트라,566000
아이폰11프로 64GB,682000
갤럭시 S20 FE,482000
아이폰12 프로 128GB,1129000
아이폰12 프로 맥스 256GB,1197000
아이폰12 프로 맥스 256GB,1250000
Q31,71000
갤럭시 S9 플러스 64GB,166000
갤럭시 S10 5G 256GB,282000
Q92,129000
갤럭시 S9 플러스 64GB,145000
갤럭시 S10 5G 256GB,292000
갤럭시 S9 플러스 64GB,187000
갤럭시 S20 울트라,618000
아이폰5C 16GB,65000
갤럭시 A3 2016,50000
갤럭시 S20 울트라,629000
G8 ThinQ,160000
갤럭시 S10+ 128GB,280000
갤럭시 S9 플러스 64GB,134000
아이폰SE (2020) 128GB,299000
갤럭시 S9 64GB,166000
아이폰11프로 64GB,650000
아이폰6s 128GB,113000
갤럭시 Z 플립 5G,830000
Q8 2018,50000
갤럭시 S9 64GB,178000
갤럭시 A31,170000
갤럭시 폴드,734000
아이폰7 128GB,129000
갤럭시 Z 폴드2,1500000
갤럭시 노트10+ 5G 512GB,450000
Q92,129000
갤럭시 노트10+ 5G 256GB,730000
갤럭시 와이드4,130000
갤럭시 노트9 512GB,106000
갤럭시 노트9 128GB,266000
갤럭시 A10e,130000
갤럭시 노트3 64GB,10000
아이폰12 프로 맥스 128GB,1320000
갤럭시 S8+ 128GB,40000
갤럭시 와이드3,52000
옵티머스 G,30000
아이폰12 미니 64GB,668000
갤럭시 S4 액티브,35000
엘지 G2,35000
아이폰12 프로 128GB,1000000
갤럭시 노트20 울트라,800000
Q51,100000
갤럭시 S9 64GB,188000
갤럭시 A21s,180000
갤럭시 A21s,180000
아이폰12 프로 맥스 512GB,1680000
갤럭시 Z 플립,640000
갤럭시 노트9 128GB,249000
갤럭시 S10 5G 256GB,275000
갤럭시 A90 5G,235000
아이폰12 프로 맥스 256GB,1400000
갤럭시 S9 64GB,211000
갤럭시 S20 울트라,620000
엘지X4,30000
갤럭시 A31,185000
V30 64GB,89000
갤럭시 S10 5G 256GB,140000
갤럭시 A51,235000
갤럭시 노트10+ 5G 256GB,400000
아이폰SE 128GB,150000
X4플러스,100000
갤럭시 J7,25000
갤럭시 S7 32GB,62500
갤럭시 노트9 512GB,255000
갤럭시 S9 64GB,140000
갤럭시 A80,140000
갤럭시 S10 5G 256GB,300000
Samsung Galaxy A10e,75000
갤럭시 S5,35000
아이폰11프로 256GB,980000
갤럭시 노트10+ 5G 256GB,470000
아이폰XR 리패키징 64GB,380000
갤럭시 S10 5G 256GB,300000
갤럭시 S10 128GB,250000
갤럭시 A42 5G,720000
아이폰11 128GB,740000
아이폰11프로 64GB,740000
아이폰11프로 64GB,99000
아이폰8 64GB,640000
아이폰11 64GB,55000
엘지 G3 Cat.6,50000
갤럭시 S7 32GB,35000
갤럭시S21,55000
와인스마트3G,70000
갤럭시 S8+ 128GB,275000
갤럭시 노트8 64GB,165000
갤럭시 S10 5G 256GB,85000
갤럭시 A7 2018,109000
V40 ThinQ 128GB,129000
갤럭시 S9 플러스 64GB,189000
X4 2019,85000
Q70,116500
아이폰SE (2020) 64GB,219900
아이폰6s 128GB,85000
갤럭시 S7 32GB,74000
갤럭시 폴더2 2021,180000
갤럭시 폴더2 32GB,180000
갤럭시 노트9 128GB,204000
아이폰12 프로 맥스 512GB,1650000
아이폰7플러스 256GB,180000
아이폰12 프로 512GB,1550000
아이폰12 프로 맥스 512GB,1650000
갤럭시 S10+ 128GB,300000
엘지 G3,30000
아이폰12 프로 512GB,1650000
아이폰6 16GB,55000
갤럭시 와이드3,55000
갤럭시 A30,85000
갤럭시 S20 울트라,395000
갤럭시 S21 울트라 256GB,1052700
V50 ThinQ 128GB,208000
갤럭시 S21 울트라 256GB,950000
갤럭시 Z 폴드2,1410000
갤럭시 A8 2018 32GB,82000
갤럭시 노트9 128GB,240000
갤럭시 노트20 울트라,770000
갤럭시 Z 플립,550000
갤럭시 Z 플립,500000
아이폰SE 16GB,185000
갤럭시 A50,105000
갤럭시 폴드,720000
갤럭시S21+,1000000
아이폰12 128GB,773000
갤럭시 폴드,640000
갤럭시 폴드,565000
아이폰12 미니 64GB,42000
갤럭시 A30,39000
갤럭시 S9 플러스 256GB,215000
갤럭시 A31,152000
갤럭시 S9 64GB,165000
갤럭시J4+ 자급제,58000
갤럭시 노트9 128GB,159000
아이폰SE 32GB,100000
갤럭시 A10e,79000
갤럭시 A10e,79000
갤럭시 A10e,75000
갤럭시 A31,135000
갤럭시 A31,173000
갤럭시 노트20 울트라,990000
갤럭시 A90 5G,210000
갤럭시 A30,85000
갤럭시 A7 2018,325000
갤럭시 S10+ 128GB,189000
아이폰8 64GB,100000
Q31,400000
갤럭시퀀텀2,490000
갤럭시 S10 128GB,270000
갤럭시 S10+ 512GB,410000
갤럭시 S10 5G 256GB,300000
갤럭시 노트8 64GB,165000
Q92,195000
Q92,195000
갤럭시 S9 플러스 256GB,184000
갤럭시 폴더2 32GB,160000
아이폰X 64GB,350000
샤오미 홍미 노트7,100000
갤럭시 S10 128GB,280000
아이폰Xs 64GB,360000
갤럭시퀀텀2,465000
갤럭시 노트9 128GB,200000
와인 샤벳,11000
LG윙,380000
G8 ThinQ,230000
와인 샤벳,10000
갤럭시 폴더2 2021,210000
갤럭시 폴더2 2021,210000
갤럭시 S10 5G 256GB,270000
갤럭시 A32,250000
갤럭시 폴더2 16GB,65000
갤럭시 노트5 32GB,105000
갤럭시 노트2 32GB,50000
베가 R3,45000
아이폰5S 16GB,100000
와인 샤벳,40000
와인스마트 재즈,65000
갤럭시 그랜드 맥스,70000
갤럭시 S4,60000
갤럭시 노트2 32GB,50000
아이폰6 32GB,80000
베가 S5,40000
스마트폴더,60000
갤럭시 노트3 32GB,60000
갤럭시 A 퀀텀,218000
벨벳,395000
갤럭시 S8,113000
갤럭시 S8,105000
갤럭시S21,700000
갤럭시 A90 5G,158000
갤럭시 S10 128GB,230000
아이폰12 128GB,863000
갤럭시 A51,210500
미10라이트,114000
갤럭시 노트8 64GB,150000
갤럭시 A31,210000
갤럭시 A31,330000
LG윙,115000
LG Q52,250000
갤럭시 A31,170000
갤럭시 A21s,589500
갤럭시 S20 울트라,160000
갤럭시 A21s,130000
갤럭시 A21s,130000
Q51,110000
Q51,119000
갤럭시 와이드,100000
갤럭시 A31,120000
아이폰7플러스 128GB,240000
갤럭시 J3 2017,100000
갤럭시 S9 플러스 256GB,150000
갤럭시 J3 2017,110000
X401,80000
갤럭시 A32,255000
갤럭시 S20 울트라,530000
갤럭시 A80,250000
와인 스마트,46000
갤럭시 S8+ 64GB,140000
갤럭시 S7 32GB,51000
아이폰12 64GB,795000
갤럭시 S10 5G 256GB,350000
갤럭시 폴더2 32GB,120000
엘지X4,80000
갤럭시 J4+,150000
H폰,60000
H폰,60000
솔프라임,140000
갤럭시 J4+,140000
X6 2019,150000
갤럭시 와이드4,150000
X4 2019,120000
G3 비트,15000
갤럭시 S10+ 512GB,370000
갤럭시 J4+,69000
갤럭시 A32,255000
갤럭시 A32,255000
갤럭시 A32,255000
갤럭시 S10 5G 256GB,350000
벨벳,211000
갤럭시 A8 2018 32GB,50000
갤럭시 노트10 5G,380000
아이폰SE (2020) 128GB,320000
갤럭시 노트10+ 5G 256GB,558000
갤럭시 J4+,50000
아이폰5S 16GB,55000
갤럭시 S10e,219000
갤럭시 A32,250000
갤럭시 A51,283800
갤럭시 노트9 자급제 128GB,363000
갤럭시 S10e,229000
갤럭시 S10 5G 256GB,410000
갤럭시 A21s,165000
갤럭시 S10 5G 256GB,410000
갤럭시 S10 5G 256GB,410000
갤럭시 A51,284000
Q9 One,100000
갤럭시 S8,42000
갤럭시 폴더2 2021,160000
갤럭시 S10 5G 256GB,410000
갤럭시 S21 울트라 512GB,1100000
아이폰SE (2020) 128GB,360000
Q92,220000
갤럭시 노트8 64GB,120000
갤럭시 와이드4,90000
갤럭시 S9 플러스 256GB,182000
벨벳,380000
갤럭시 와이드3,50000
갤럭시 와이드4,90000
갤럭시 노트9 자급제 128GB,363000
갤럭시 A31,210000
갤럭시 S9 플러스 256GB,145000
갤럭시 Z 플립,585000
아이폰SE (2020) 64GB,370000
LG윙,520000
갤럭시 A31,155000
갤럭시 노트9 128GB,170000
V50 ThinQ 128GB,200000
아이폰Xs 64GB,316000
갤럭시퀀텀2,460000
갤럭시 A12,158000
LG Q52,96000
아이폰12 미니 64GB,664000
갤럭시 노트20,517000
갤럭시 A51,179000
아이폰12 프로 256GB,1096000
갤럭시 A7 2017,78000
갤럭시 A12,135000
갤럭시 A42 5G,1229000
아이폰12 프로 256GB,330000
아이폰X 256GB,29000
갤럭시 노트FE,219000
갤럭시 노트10+ 5G 256GB,473500
갤럭시 노트10+ 5G 256GB,105000
V50 ThinQ 128GB,265000
갤럭시 S10 128GB,210500
갤럭시 A 퀀텀,1140000
아이폰12 프로 128GB,84000
갤럭시 A30,152500
갤럭시 A31,152500
갤럭시 A31,69000
X6 2019,730000
갤럭시S21,147000
아이폰SE (2020) 64GB,505000
갤럭시 A90 5G,147000
갤럭시 S10e,179000
갤럭시 A80,191000
갤럭시 노트8 256GB,169000
갤럭시 노트10 5G,350000
벨벳,213000
벨벳,211000
G8 ThinQ,124000
갤럭시 노트8 256GB,169000
갤럭시 A21s,198000
갤럭시 J4+,99000
갤럭시 A50,169000
아이폰12 미니 64GB,650000
갤럭시 A30,89000
갤럭시 A90 5G,259000
갤럭시 Z 폴드2,1230000
갤럭시 S10 5G 512GB,290000
갤럭시 S10 5G 256GB,349000
아이폰X 256GB,390000
갤럭시 노트9 128GB,279000
갤럭시 노트10 5G,320000
아이폰5S 16GB,79000
갤럭시 S20+,610000
갤럭시 A50,169000
엘지 K10,39000
갤럭시 Z 플립 5G,990000
엑스파워,33000
갤럭시 S8,169000
갤럭시 J4+,69000
갤럭시 와이드4,149000
갤럭시 와이드4,139000
아이폰7 128GB,139000
갤럭시 와이드2,61000
갤럭시 A7 2017,80000
갤럭시 J7 2016,59000
갤럭시 노트10+ 5G 256GB,480000
갤럭시 A42 5G,280000
갤럭시 S10 128GB,205000
갤럭시 A51,240000
Q51,115000
갤럭시 A21s,100000
갤럭시 노트10+ 5G 256GB,460000
갤럭시 폴드,780000
갤럭시 A12,145000
갤럭시 S8,90000
갤럭시 노트9 128GB,219000
아이폰XR 64GB,327000
Q92,230000
V50s ThinQ,226000
아이폰11프로맥스 64GB,900000
갤럭시 A50,131000
갤럭시 A50,132000
아이폰11프로맥스 64GB,858000
G8 ThinQ,217000
Q61,110000
갤럭시 A21s,155000
갤럭시 S10+ 128GB,312000
G8 ThinQ,216000
갤럭시 S9 플러스 64GB,185000
V50 ThinQ 128GB,226000
갤럭시 S10 5G 512GB,312000
갤럭시 폴드,763000
V40 ThinQ 128GB,145000
갤럭시 Z 플립,680000
V40 ThinQ 128GB,143000
갤럭시 S7 엣지 128GB,80000
갤럭시 S9 플러스 256GB,195000
갤럭시 S9 플러스 자급제 256GB,206000
아이폰12 미니 128GB,730000
V50 ThinQ 128GB,226000
갤럭시S21,675000
V50 ThinQ 128GB,228000
V50 ThinQ 128GB,228000
V40 ThinQ 128GB,142000
아이폰11프로 256GB,742000
아이폰11 128GB,595000
아이폰12 프로 맥스 128GB,1237000
스마트폴더,60000
X4 2019,43000
X4 2019,45000
갤럭시 A40,80000
갤럭시 와이드4,75000
아이폰XR 64GB,327000
갤럭시 S10e,258000
갤럭시 S20 울트라,650000
갤럭시 S10+ 512GB,396000
갤럭시 A90 5G,247000
갤럭시 A90 5G,184000
갤럭시 A12,184000
갤럭시 A12,184000
갤럭시 A12,174000
아이폰12 프로 맥스 512GB,1420000
Q51,110000
Q51,110000
X4 2019,80000
아이폰12 프로 맥스 512GB,1440000
갤럭시 A31,180000
와인스마트 재즈,30000
아이폰11프로 64GB,636000
아이폰12 64GB,826000
아이폰12 64GB,826000
V50s ThinQ,266000
갤럭시 A21s,150000
홍미노트9S,150000
아이폰X 64GB,330000
갤럭시 S20+,355000
아이폰11 64GB,520000
아이폰11프로 64GB,668000
갤럭시 A8 2018 32GB,79000
갤럭시퀀텀2,451000
갤럭시 S9 64GB,105000
갤럭시 노트8 64GB,90000
갤럭시 노트9 128GB,119000
갤럭시 A90 5G,219000
갤럭시 A31,184000
갤럭시 A31,184000
갤럭시 S10 5G 512GB,300000
갤럭시 S10 5G 512GB,300000
갤럭시 노트8 64GB,50000
아이폰SE (2020) 64GB,370000
교세라토크,36000
G6 64GB,61000
갤럭시J4+,690000
아이폰12 미니 64GB,290000
아이폰X 64GB,100000
G7 ThinQ 64GB,284000
갤럭시 A51,780000
갤럭시S21,290000
갤럭시 S10 5G 256GB,240000
아이폰Xs 64GB,1150000
아이폰12 프로 맥스 128GB,360000
갤럭시 노트10 5G,630000
아이폰11프로 64GB,180000
갤럭시 A31,270000
V50s ThinQ,20000
아이스크림 스마트,15000
아이스크림 스마트,66000
갤럭시 A31,96000
갤럭시 J4+,46000
갤럭시 A7 2017,10000
와인스마트3G,20000
갤럭시 폴더,23000
갤럭시 폴더,30000
와인 스마트,30000
스마트폴더,25000
와인스마트3G,27000
갤럭시 S21 울트라 512GB,900000
아이폰12 미니 128GB,770000
아이폰12 프로 256GB,1120000
갤럭시 S21 울트라 256GB,1010000
갤럭시 S20 울트라,685000
갤럭시 노트9 128GB,190000
아이폰SE (2020) 128GB,350000
갤럭시 S10 5G 256GB,235000
아이폰12 미니 128GB,890000
갤럭시 노트9 128GB,249000
V50 ThinQ 128GB,170000
V50 ThinQ 128GB,170000
갤럭시 S9 64GB,120000
갤럭시S21,780000
V50s ThinQ,185000
갤럭시 A31,170000
갤럭시 S10e,330000
X4 2019,60000
갤럭시 J4+,70000
X6 2019,60000
갤럭시 S9 플러스 256GB,200000
아이폰7 32GB,120000
갤럭시 A10e,70000
갤럭시 A50,150000
갤럭시 A6 2018,80000
갤럭시 S9 64GB,150000
갤럭시 S9 플러스 64GB,190000
갤럭시 A21s,130000
Q9,70000
갤럭시 와이드4,90000
갤럭시 A8 2015,40000
갤럭시 S9 64GB,150000
갤럭시 와이드4,80000
X4플러스,45000
X300,40000
엘지X4,40000
갤럭시 진,70000
갤럭시 A30,70000
Q7플러스,60000
Q7플러스,60000
갤럭시 노트5 64GB,60000
X4 2019,60000
X4 2019,60000
갤럭시S21,660000
갤럭시 Z 플립,560000
아이폰XR 64GB,330000
갤럭시 S10+ 128GB,265000
갤럭시 S10 5G 256GB,279000
아이폰7 128GB,260000
아이폰12 미니 128GB,730000
스마트폴더,28000
LG윙,350000
아이폰12 미니 64GB,700000
스마트폴더,19000
Q51,100000
갤럭시 A90 5G,209000
솔프라임,120000
아이폰12 프로 맥스 512GB,1440000
아이폰11프로 256GB,740000
갤럭시 A10e,75000
갤럭시 노트9 512GB,310000
아이폰SE (2020) 128GB,260000
Q51,105000
갤럭시 Z 플립,450000
갤럭시 노트10 5G,430000
아이폰12 프로 128GB,1070000
갤럭시 S21 울트라 256GB,875000
갤럭시 노트20 울트라,770000
갤럭시 노트20,600000
아이폰6s 플러스 64GB,105000
홍미노트10 프로,298000
갤럭시 노트8 64GB,200000
Q9,70000
갤럭시 A31,138900
갤럭시 S7 32GB,95000
V40 ThinQ 128GB,85000
갤럭시S21+,970000
갤럭시 S7 32GB,40000
갤럭시 S10e,155000
갤럭시 S10 5G 512GB,320000
엘지X4,89000
갤럭시 노트9 512GB,240000
베가 시크릿 업,24000
스타일러스2,35000
갤럭시 A5,40000
엘지 G2,25000
X스킨,30000
X캠,45000
갤럭시 그랜드,20000
갤럭시 Z 플립,500000
갤럭시 그랜드,20000
U폰,35000
U폰,35000
X500,40000
갤럭시 그랜드 맥스,30000
Q51,100000
갤럭시 A31,155000
갤럭시 A5 2017,68000
갤럭시 S10 5G 512GB,500000
갤럭시 S10 5G 256GB,290000
갤럭시 A31,159000
갤럭시 S9 플러스 256GB,130000
갤럭시 S10 512GB,320000
갤럭시 S20+,510000
LG윙,495000
갤럭시S21,600000
갤럭시 폴드,1875000
갤럭시 노트9 512GB,170000
갤럭시 노트9 512GB,99000
아이폰12 128GB,850000
아이폰SE (2020) 128GB,250000
갤럭시 S20,492000
갤럭시 S10e,250000
갤럭시 S8+ 64GB,180000
갤럭시 S9 64GB,180000
갤럭시 S9 64GB,180000
갤럭시 S8+ 64GB,180000
갤럭시 S10 512GB,280000
아이폰Xs 맥스 256GB,646000
갤럭시 S20+,299900
갤럭시 A32,211000
갤럭시 노트9 128GB,143000
갤럭시 A12,230000
갤럭시 S10 5G 256GB,210000
갤럭시 A31,139000
갤럭시 A12,660000
갤럭시S21,220000
갤럭시 S10 128GB,820000
갤럭시 노트20 울트라,60000
갤럭시 J3 2017,970000
갤럭시 Z 플립 5G,271000
갤럭시 S10 5G 256GB,410000
갤럭시 S10 5G 256GB,391500
갤럭시 J4+,70000
갤럭시 J4+,70000
갤럭시 J7 2017,100000
갤럭시S21+,750000
갤럭시 A 퀀텀,299000
갤럭시 노트8 256GB,220000
갤럭시 노트8 64GB,183000
갤럭시 S10 5G 256GB,300000
갤럭시 노트8 64GB,134000
갤럭시 S10 5G 256GB,229000
갤럭시 노트8 64GB,82000
갤럭시 S9 64GB,184000
갤럭시 A21s,130000
갤럭시 노트20,1495000
갤럭시 S20 울트라,682000
아이폰Xs 맥스 256GB,470000
아이폰XR 128GB,390000
G7 ThinQ 64GB,100000
갤럭시 노트20 울트라,800000
아이폰SE (2020) 128GB,290000
LG Q52,120000
아이폰XR 128GB,370000
아이폰7 256GB,100000
G8 ThinQ,154000
와인스마트 재즈,39000
와인 샤벳,30000
젠틀,39000
와인 샤벳,29000
와인스마트 재즈,40000
갤럭시 A31,155000
와인스마트 재즈,40000
와인 샤벳,35000
갤럭시 S9 플러스 자급제 64GB,144000
와인 샤벳,28000
갤럭시 A30,85000
갤럭시 J7 2016,60000
갤럭시 A51,300000
갤럭시 진,72000
갤럭시 A31,240000
갤럭시 A32,243000
V50 ThinQ 128GB,120000
포코F1,100000
갤럭시S21+,257000
갤럭시 A32,89000
Q51,690000
아이폰12 미니 64GB,50000
갤럭시 S7 32GB,243000
갤럭시 S10 5G 256GB,122000
V50 ThinQ 128GB,180000
갤럭시 A90 5G,500000
갤럭시 S20,774000
갤럭시 노트10+ 5G 256GB,33000
아이폰11프로 512GB,753000
갤럭시 폴더2 16GB,260000
아이폰11프로 256GB,45000
갤럭시 A32,300000
V40 ThinQ 128GB,579000
갤럭시 S10 128GB,25000
와인스마트3G,25000
와인스마트3G,21000
갤럭시 A31,199000
페르소나폰 아카,36000
갤럭시 Z 플립,580000
갤럭시 노트3 32GB,60000
갤럭시 A31,200000
갤럭시 S20 울트라,369000
X2 2019,50000
갤럭시 S20+ BTS 에디션,730000
X2 2019,70000
스타일러스2,12000
갤럭시 폴더2 16GB,43000
교세라토크,36000
교세라토크,36000
교세라토크,36000
갤럭시 S6 64GB,70000
갤럭시 노트3 32GB,13000
갤럭시 A42 5G,265000
갤럭시S21,730000
갤럭시 노트10 5G,400000
X2 2019,60000
갤럭시 S10 5G 256GB,239000
아이폰6 플러스 16GB,70000
갤럭시 A32,255000
갤럭시 A51,245000
갤럭시 A51,240000
아이폰12 미니 128GB,780000
Q51,89000
갤럭시 노트20,524000
갤럭시 A9프로,120000
갤럭시 와이드4,105000
갤럭시S21,600000
갤럭시 노트8 64GB,120000
갤럭시 A31,220000
갤럭시 노트20,720000
갤럭시 S9 64GB,115000
갤럭시 S10e,221000
아이폰SE (2020) 128GB,276000
갤럭시 A51,221000
갤럭시 S10+ 128GB,298000
갤럭시 S10 5G 256GB,271000
LG Q52,100000
갤럭시 S10+ 128GB,298000
갤럭시 S10e,232000
갤럭시S21,645000
갤럭시 A21s,170000
갤럭시 S10 128GB,400000
갤럭시 S20+,642000
아이폰X 64GB,360000
갤럭시 S10e,219000
갤럭시퀀텀2,465000
갤럭시 A21s,170000
갤럭시 A51,240000
갤럭시 A31,220000
카카오리틀프렌즈폰4,135000
갤럭시 S10e,260500
갤럭시 Z 플립 5G,839000
갤럭시 Z 플립 5G,839000
갤럭시 Z 플립 5G,839000
갤럭시 Z 플립 5G,828000
Q51,94500
V30 64GB,122000
갤럭시 A30,116500
갤럭시 S20 FE,496000
V30 64GB,122000
갤럭시 S9 64GB,212000
갤럭시 노트8 64GB,199000
V50 ThinQ 128GB,210000
갤럭시 노트10+ 5G 256GB,452000
갤럭시 S10 5G 256GB,240000
Q61,106500
갤럭시 폴더2 32GB,150000
갤럭시 S10 128GB,265000
갤럭시 S10 128GB,254000
갤럭시 S10+ 128GB,432000
갤럭시 와이드3,50000
갤럭시 A31,210000
갤럭시 A50,205000
V40 ThinQ 128GB,70000
아이폰12 미니 64GB,560000
V50 ThinQ 128GB,180000
갤럭시 노트8 64GB,125000
아이폰12 프로 128GB,1110000
Q92,120000
갤럭시퀀텀2,450000
V50s ThinQ,180000
갤럭시 A32,280000
갤럭시 S10e,236000
갤럭시 폴더2 2021,180000
갤럭시 폴더2 2021,180000
갤럭시 폴더2 2021,180000
아이폰SE (2020) 64GB,270000
벨벳,210000
V40 ThinQ 128GB,121000
갤럭시 노트9 128GB,230000
벨벳,242000
아이폰11프로맥스 256GB,890000
아이폰11프로 64GB,736000
갤럭시 S10e,210500
갤럭시 노트8 64GB,49900
아이폰11 128GB,640000
갤럭시 S4 LTE-A 16GB,20000
갤럭시 Z 폴드2,1270000
갤럭시 S8,150000
아이폰8플러스 64GB,300000
아이폰12 미니 128GB,790000
아이폰12 미니 128GB,790000
갤럭시 S10 5G 256GB,232000
아이폰SE (2020) 64GB,239000
갤럭시 S10e,170000
X2 2019,69000
갤럭시S21,619000
교세라토크,36000
갤럭시 노트9 128GB,350000
갤럭시 A51,260000
교세라토크,36000
교세라토크,36000
LG Q52,159000
갤럭시 폴더2 32GB,46000
갤럭시 S9 64GB,80000
갤럭시 노트8 64GB,158000
갤럭시 S10 5G 512GB,300000
갤럭시 S10 5G 256GB,350000
갤럭시 A21s,140000
갤럭시 Z 플립,490000
아이폰12 미니 64GB,565000
아이폰6s 32GB,95000
Q51,59000
갤럭시퀀텀2,485000
아이폰SE (2020) 128GB,385000
Q31,64000
아이폰12 미니 64GB,664000
갤럭시 S20 울트라,695000
벨벳,195000
갤럭시 노트10+ 5G 512GB,610000
갤럭시 S20,450000
아이폰11프로맥스 256GB,950000
갤럭시 폴더2 16GB,47000
갤럭시 노트10+ 5G 256GB,557400
갤럭시 S20 울트라,540000
갤럭시 폴더,25000
갤럭시 S9 플러스 64GB,150000
갤럭시 폴더,25000
갤럭시 진2,65000
LG윙,520000
갤럭시 Z 플립,560000
X2 2019,60000
갤럭시 A 퀀텀,230000
V50s ThinQ,210000
갤럭시 A31,220000
HTC 원 ME,20000
갤럭시 노트10 5G,379000
갤럭시 A90 5G,215000
갤럭시 A90 5G,194000
갤럭시 A90 5G,194000
갤럭시 S10 128GB,343000
갤럭시 노트20,660000
아이폰12 프로 맥스 128GB,1100000
갤럭시 진2,60000
갤럭시 S21 울트라 256GB,810000
갤럭시 폴더2 16GB,55000
V50s ThinQ,150000
갤럭시 노트10 5G,344000
갤럭시 노트9 128GB,255000
아이폰11프로맥스 256GB,970000
갤럭시 A31,210000
갤럭시 A42 5G,310000
갤럭시 S20+,430000
Q61,130000
아이폰12 프로 512GB,1370000
갤럭시 S10 128GB,230000
갤럭시 노트10 5G,385000
갤럭시 S10 5G 512GB,345000
Q61,130000
갤럭시 A32,259900
벨벳,130000
아이폰12 128GB,950000
갤럭시 폴더,23000
아이폰SE (2020) 64GB,320000
젠틀,18000
X4 2019,57000
갤럭시 노트FE,99000
갤럭시 노트10+ 5G 256GB,420000
갤럭시 S9 플러스 256GB,140000
갤럭시 폴더2 16GB,169000
아이폰Xs 맥스 256GB,505000
갤럭시 Z 플립 5G,645000
아이폰8 64GB,180000
갤럭시 A31,220000
V50s ThinQ,265000
아이폰7 128GB,200000
갤럭시 S10e,240000
갤럭시 S6 64GB,65000
갤럭시 노트5 32GB,80000
갤럭시 노트5 32GB,70000
갤럭시 S6 64GB,55000
V50 ThinQ 128GB,145000
아이폰12 프로 맥스 512GB,1489000
갤럭시 S20,550000
아이폰12 미니 128GB,680000
갤럭시 노트10+ 5G 512GB,490000
갤럭시 노트10+ 5G 256GB,435000
갤럭시 S9 64GB,150000
갤럭시 S9 64GB,150000
와인 샤벳,35000
아이폰SE (2020) 256GB,450000
와인 샤벳,35000
와인스마트3G,60000
와인 샤벳,35000
와인 샤벳,35000
와인스마트3G,60000
아이폰XR 64GB,290000
와인 샤벳,40000
갤럭시 폴드,680000
갤럭시 노트9 128GB,194000
미10라이트,160000
아이폰SE (2020) 64GB,300000
갤럭시 폴더,22000
갤럭시 S20,44000
갤럭시 폴더2 16GB,24000
갤럭시 폴더,22000
갤럭시 폴더,24000
갤럭시 폴더,179000
노키아9 퓨어뷰,220000
엑스페리아XZ3,580000
갤럭시 A90 5G,310000
갤럭시 A32,210000
아이폰11 128GB,305000
갤럭시 A42 5G,232000
갤럭시 A31,310000
아이폰XR 64GB,280000
아이폰7플러스 128GB,65000
아이폰XR 64GB,185000
갤럭시 S10e,190000
갤럭시 S7 엣지 64GB,190000
LG Q52,120000
벨벳,220000
아이폰12 128GB,449000
갤럭시 노트10+ 5G 256GB,240000
갤럭시 S10e,612000
갤럭시 노트10+ 5G 256GB,160000
갤럭시S21,240000
아이폰XR 64GB,1300000
갤럭시 노트9 128GB,47000
갤럭시 Z 플립,169000
갤럭시 A21s,800000
갤럭시 노트9 128GB,190000
갤럭시 Z 폴드2,470000
갤럭시 진2,1160000
갤럭시 A80,430000
갤럭시 A9프로,120000
갤럭시 J5 2016,30000
아이폰11프로 256GB,780000
갤럭시 Z 플립,660000
아이폰SE (2020) 128GB,315000
아이폰11 64GB,85000
갤럭시 A30,278000
갤럭시 S10 5G 256GB,399000
갤럭시 S10 5G 256GB,60000
갤럭시 J2프로,189000
갤럭시 노트9 128GB,99000
갤럭시 S8,104000
갤럭시 와이드4,600000
갤럭시 Z 플립,259000
갤럭시 S10 5G 256GB,270000
갤럭시 S10 5G 256GB,920000
아이폰11프로맥스 64GB,190000
LG Q52,210000
갤럭시 A32,270000
Q51,125000
갤럭시 Z 플립,215000
갤럭시 S7 32GB,81000
갤럭시 A21s,145000
갤럭시 S10 5G 512GB,421000
갤럭시 A30,100000
갤럭시 A30,100000
아이폰12 프로 맥스 128GB,1200000
갤럭시 A30,100000
갤럭시 A21s 비바 트롯 에디션,180000
갤럭시 폴더2 2021,185000
V50 ThinQ 128GB,192000
갤럭시 S21 울트라 256GB,1085000
갤럭시 A10e,60000
아이폰11 128GB,550000
갤럭시 A30,130000
갤럭시 폴더2 16GB,81000
Q51,70000
V30 64GB,695000
아이폰12 미니 128GB,790000
X4 2019,75000
갤럭시 A51,265000
갤럭시 S9 플러스 64GB,150000
갤럭시 A90 5G,230000
갤럭시 A9프로,120000
갤럭시 A12,160000
갤럭시 노트10 5G,60000
갤럭시 S8,60000
갤럭시 S8,280000
갤럭시 S10 5G 256GB,1355000
갤럭시 Z 폴드2,390000
갤럭시 S10 5G 512GB,580000
갤럭시 S20 울트라,568000
갤럭시 노트10+ 5G 256GB,160000
V50 ThinQ 128GB,114000
갤럭시 S9 64GB,310000
갤럭시 A42 5G,735000
아이폰12 미니 128GB,180000
갤럭시 폴더2 32GB,160000
와인 샤벳,10000
와인스마트 재즈,25000
갤럭시 폴더,31000
갤럭시 S20 울트라,590000
V50 ThinQ 128GB,170000
갤럭시 노트9 128GB,145000
갤럭시 A90 5G,155000
G7 ThinQ 64GB,85000
갤럭시 노트10 5G,200000
V50 ThinQ 128GB,175000
갤럭시 Z 플립,310000
갤럭시 S8,90000
갤럭시 노트FE,80000
갤럭시 폴더2 16GB,52000
V40 ThinQ 128GB,90000
갤럭시 A50,95000
갤럭시 S9 64GB,110000
갤럭시 S9 64GB,110000
갤럭시 A80,140000
갤럭시 폴더2 16GB,52000
갤럭시 폴더2 32GB,85000
갤럭시 폴더2 32GB,85000
갤럭시 폴더2 32GB,85000
아이폰8플러스 64GB,290000
아이폰SE (2020) 128GB,350000
갤럭시 노트10+ 5G 256GB,473500
갤럭시 폴더,30000
갤럭시 S9 64GB,95000
LG윙,510000
갤럭시 A42 5G,290000
X4 2019,215000
갤럭시 S20+,505000
갤럭시 노트10 5G,484300
갤럭시 A32,270000
Q61,260000
갤럭시 S20,450000
아이폰11 128GB,620000
아이폰11 64GB,539000
아이폰12 미니 64GB,700000
갤럭시 A30,83000
갤럭시 와이드3,35000
갤럭시 노트10+ 5G 512GB,390000
갤럭시S21,770000
갤럭시 폴드,1050000
갤럭시 A31,240000
V50 ThinQ 128GB,90000
와인스마트 재즈,20000
갤럭시 A31,230000
아이폰11프로 256GB,760000
갤럭시S21,670000
갤럭시 노트10+ 5G 256GB,442000
갤럭시 S10+ 128GB,324000
갤럭시 J6,60000
갤럭시 A31,1585000
V50 ThinQ 128GB,205000
갤럭시 노트8 64GB,155000
갤럭시 와이드4,87000
갤럭시 A30,85000
아이폰Xs 64GB,330000
갤럭시 S21 울트라 256GB,879000
갤럭시 폴드,590000
아이폰12 미니 64GB,700000
갤럭시 A32,260000
아이폰Xs 맥스 64GB,670000
갤럭시 A 퀀텀,240000
아이폰12 프로 맥스 256GB,1342000
갤럭시 A31,150000
갤럭시 A80,190000
갤럭시 와이드4,105000
갤럭시 노트10 5G,363000
갤럭시 노트20,670000
갤럭시 S9 64GB,85000
갤럭시 S10 128GB,115000
갤럭시 S10e,200000
갤럭시 S10 5G 256GB,280000
LG윙,505000
V50 ThinQ 128GB,165000
갤럭시 A90 5G,200000
갤럭시 S10+ 128GB,270000
갤럭시 Z 플립 5G,688600
갤럭시 S9 64GB,155000
아이폰SE (2020) 128GB,270000
갤럭시 S10 5G 256GB,290000
갤럭시 와이드4,99000
갤럭시 A31,170000
Q61,143000
갤럭시 A9프로,115000
아이폰8 64GB,140000
갤럭시 S10 128GB,220000
아이폰11프로 256GB,750000
갤럭시 노트10 5G,350000
갤럭시 Z 플립,470000
갤럭시 A31,200000
와인스마트3G,15000
갤럭시 그랜드,10000
아이폰Xs 256GB,420000
갤럭시 S10 5G 256GB,290000
갤럭시 S10 5G 256GB,340000
갤럭시 S20+,560000
갤럭시 폴더2 32GB,150000
Q51,123000
아이폰12 프로 128GB,1037000
G8 ThinQ,217000
갤럭시 A90 5G,184000
벨벳,225000
갤럭시 A90 5G,206000
V50 ThinQ 128GB,257000
V50 ThinQ 128GB,258000
갤럭시S21,760000
아이폰6 64GB,70000
아이폰12 미니 64GB,685000
갤럭시 A90 5G,200000
아이폰SE (2020) 256GB,440000
아이폰XR 128GB,290000
갤럭시S21,770000
아이폰X 64GB,242000
V40 ThinQ 128GB,140000
아이폰SE (2020) 64GB,232000
옵티머스Q2,20000
갤럭시 A51,210000
갤럭시 노트20 울트라,730000
갤럭시퀀텀2,450000
아이폰XR 128GB,320000
와인 스마트,25000
갤럭시 A40,95000
갤럭시 S20+,610000
갤럭시 노트10 5G,450000
갤럭시 S20+,530000
아이폰X 64GB,230000
아이폰SE (2020) 128GB,310000
갤럭시 A31,198000
갤럭시 노트3 32GB,60000
갤럭시 폴더2 3G,40000
갤럭시 S10+ 128GB,320000
G7 ThinQ 64GB,90000
갤럭시 S9 64GB,78000
갤럭시 노트10+ 5G 256GB,389000
G7 ThinQ 64GB,90000
갤럭시 A9프로,115000
갤럭시S21,750000
갤럭시 노트9 128GB,170000
갤럭시 노트9 128GB,170000
갤럭시 A31,210000
아이폰SE (2020) 256GB,460000
아이폰11 128GB,610000
와인스마트 재즈,19000
아이폰8 256GB,230000
갤럭시 그랜드2,12000
갤럭시 A90 5G,200000
갤럭시 S10 5G 256GB,130000
아이폰11 128GB,563000
아이폰8 64GB,150000
갤럭시 A31,210000
갤럭시 A31,210000
갤럭시 S20,480000
갤럭시 온7 2018,49000
Q92,158000
갤럭시S21,640000
V20,90000
V20,90000
아이폰Xs 256GB,390000
아이폰8 64GB,135000
갤럭시 S10 5G 256GB,195000
LG Q52,130000
아이폰SE 64GB,135000
아이폰12 128GB,980000
아이폰SE (2020) 256GB,430000
갤럭시 S20 FE,520000
갤럭시 노트8 256GB,180000
갤럭시 노트10 5G,770000
갤럭시S21+,60000
G6 32GB,200000
갤럭시 A31,240000
갤럭시 노트9 128GB,104000
갤럭시 와이드4,587000
아이폰11 128GB,105100
갤럭시 노트8 256GB,900000
갤럭시 S21 울트라 256GB,65000
갤럭시 A30,60000
갤럭시 노트10+ 5G 256GB,390000
G8 ThinQ 자급제,170000
갤럭시 A50,126000
갤럭시S21,730000
갤럭시 A31,130000
V50 ThinQ 128GB,195000
LG Q52,95000
갤럭시 J7 2017,73000
갤럭시 온7 2018,65000
갤럭시 그랜드2,18000
홍미노트10,280000
아이폰SE (2020) 64GB,1260000
아이폰12 프로 맥스 256GB,31000
갤럭시 노트3 32GB,995000
아이폰12 프로 128GB,1340000
아이폰12 프로 맥스 128GB,1320000
아이폰12 프로 맥스 128GB,61000
아이폰12 프로 맥스 256GB,1200000
갤럭시S21+,830000
X4플러스,73000
엘지X4,69000
갤럭시 Z 폴드2,1250000
아이폰7 128GB,150000
갤럭시 Z 플립,600000
갤럭시 노트10 5G,380000
아이폰X 256GB,380000
갤럭시 노트10+ 5G 256GB,450000
갤럭시S21,682000
갤럭시 A90 5G,155000
와인스마트3G,21000
갤럭시 Z 플립 5G,750000
갤럭시 노트9 512GB,379000
스마트폴더,35000
와인스마트3G,22000
갤럭시 S21 울트라 256GB,880000
아이스크림 스마트,19000
아이스크림 스마트,17000
와인스마트3G,22000
갤럭시 폴더,39000
갤럭시 A30,95000
갤럭시 A31,150000
아이폰12 프로 맥스 256GB,1399000
갤럭시 S20 울트라,640000
갤럭시 노트9 128GB,240000
갤럭시 A31,137000
갤럭시 A50,860000
아이폰11프로 256GB,860000
아이폰11프로 256GB,560000
아이폰11 64GB,720000
아이폰11 128GB,169000
갤럭시 노트9 128GB,220000
갤럭시 A90 5G,720000
아이폰11 128GB,720000
아이폰11 128GB,640000
아이폰11 64GB,640000
아이폰11 64GB,640000
갤럭시 노트10+ 5G 256GB,418000
벨벳,230000
갤럭시 A32,260000
갤럭시 J5 센스,25000
갤럭시 S20+ BTS 에디션,655000
갤럭시 A30,76000
갤럭시퀀텀2,460000
V40 ThinQ 128GB,142000
갤럭시 S9 자급제 64GB,150000
갤럭시 S20 FE,480000
갤럭시 노트9 128GB,180000
갤럭시퀀텀2,460000
갤럭시 S20,510000
갤럭시 A32,290000
갤럭시 S4 미니,30000
갤럭시 S21 울트라 256GB,380000
갤럭시 노트10 5G,39000
갤럭시 노트3 32GB,1570000
아이폰12 프로 맥스 512GB,90000
갤럭시 S10e,194000
갤럭시 A31,194000
갤럭시 A31,175000
갤럭시 S10 5G 512GB,300000
아이폰12 프로 256GB,1170000
갤럭시 S10e,240000
아이폰8 64GB,175000
아이폰XR 64GB,310000
갤럭시퀀텀2,455000
아이폰X 64GB,300000
갤럭시 A90 5G,189500
갤럭시 A12,143000
갤럭시 A21s,145000
아이폰X 64GB,310000
아이폰XR 128GB,368500
V50 ThinQ 128GB,157500
G6 32GB,58000
갤럭시 폴더2 2021,165000
갤럭시 폴더2 16GB,43000
갤럭시 폴더2 32GB,85000
갤럭시 폴더2 32GB,85000
아이폰Xs 256GB,360000
갤럭시 A32,260000
갤럭시 A90 5G,275000
V50s ThinQ,370000
V50s ThinQ,410000
갤럭시 S10+ 128GB,225000
V50s ThinQ,679000
갤럭시 노트10 5G,120000
갤럭시 폴드,870000
LG Q52,770000
아이폰12 미니 128GB,197000
갤럭시S21+,630000
갤럭시 A31,1720000
갤럭시 S20+,120000
갤럭시 S10 128GB,1720000
포코F1,3000000
갤럭시 S10 128GB,300000
갤럭시 S10 5G 256GB,3000000
아이폰12 프로 맥스 128GB,1250000
갤럭시 S10 5G 256GB,3000000
갤럭시S21+,800000
갤럭시 S21 울트라 256GB,900000
아이폰12 64GB,768500
아이폰12 미니 128GB,740000
Q9 One,130000
아이폰SE (2020) 128GB,275000
갤럭시 M20,120000
갤럭시 노트10+ 5G 512GB,370000
아이폰XR 128GB,330000
갤럭시 S10 128GB,220000
갤럭시S21,720000
갤럭시 A21s,160000
아이폰XR 128GB,397000
갤럭시 S7 64GB,55000
갤럭시 A31,195000
갤럭시 A31,200000
갤럭시 A12,160000
갤럭시 폴더2 32GB,86000
갤럭시 A30,100000
엘지X4,40000
갤럭시 온7 2018,50000
갤럭시 J6,60000
아이폰12 프로 맥스 128GB,1200000
갤럭시S21,670000
아이폰6s 플러스 128GB,145000
갤럭시 A 퀀텀,268000
갤럭시 J4+,50000
갤럭시 와이드4,79000
Q92,134000
갤럭시 Z 플립,620000
갤럭시 노트10+ 5G 256GB,460000
갤럭시 A9프로,126000
갤럭시 A6 2018,45000
갤럭시 A31,195000
갤럭시 A32,270000
갤럭시 S7 엣지 64GB,39000
갤럭시 S10e,225000
갤럭시 노트5 32GB,69000
V50 ThinQ 128GB,140000
갤럭시 폴더2 16GB,48000
갤럭시 폴더2 32GB,150000
아이폰12 프로 맥스 256GB,1300000
G8 ThinQ,125000
갤럭시 A31,205000
아이폰SE (2020) 64GB,320000
갤럭시 A30,125000
갤럭시 S8,109000
갤럭시 A32,270000
갤럭시 S8,109000
갤럭시 A21s,160000
갤럭시 노트9 128GB,269000
아이폰6s 64GB,90000
아이폰X 64GB,290000
갤럭시 S10 5G 512GB,369000
갤럭시 S21 울트라 256GB,2000000
아이폰3GS 16GB 16GB,3000
아이폰3GS 16GB 16GB,3000
샤오미 홍미 노트7,75000
갤럭시 S10 5G 256GB,276000
갤럭시S21,690000
교세라토크,36000
Q7,49000
갤럭시 A50,219000
갤럭시 Z 플립,690000
갤럭시 노트20 울트라,970000
아이폰11프로 256GB,1069000
갤럭시퀀텀2,440000
갤럭시 S10 5G 512GB,340000
갤럭시 S8,90000
갤럭시 폴더2 16GB,60000
LG윙,330000
갤럭시 S21 울트라 512GB,2600000
갤럭시퀀텀2,440000
갤럭시 A31,180000
갤럭시 노트8 64GB,60000
V50s ThinQ,270000
아이폰X 64GB,285000
갤럭시 A31,140000
갤럭시S21,750000
갤럭시S21,750000
갤럭시 폴드,450000
아이폰6s 플러스 64GB,140000
갤럭시 폴더,22000
갤럭시 S8,120000
아이폰SE (2020) 128GB,350000
갤럭시 S21 울트라 256GB,1095000
LG G6 플러스,80000
갤럭시 S10 128GB,225000
G8 ThinQ,120000
V50 ThinQ 128GB,140000
갤럭시 노트10 5G,300000
갤럭시 S7 32GB,58000
포코F1,125000
갤럭시 S10e,249000
갤럭시 A31,210000
아이폰12 64GB,960000
갤럭시 와이드4,149000
Q51,115000
Q51,125000
아이폰X 64GB,390000
아이폰Xs 256GB,910000
갤럭시 S21 울트라 256GB,195000
Q92,455000
V50s ThinQ,348000
벨벳,308000
V50 ThinQ 128GB,180000
갤럭시 노트8 64GB,135000
아이폰7 128GB,153000
갤럭시 S9 64GB,260000
갤럭시 S10 5G 256GB,360000
갤럭시 노트10 5G,208000
갤럭시 S10e,105000
갤럭시 S7 32GB,179000
갤럭시 S10 128GB,165000
갤럭시 S9 64GB,580000
갤럭시 S20+,480000
갤럭시 S8+ 64GB,80000
갤럭시 S8,62000
갤럭시 S8,65000
갤럭시 노트8 64GB,55000
갤럭시 S10e,330000
V30 64GB,70000
아이폰SE (2020) 64GB,348000
갤럭시 S10e,330000
아이폰12 프로 맥스 128GB,1337000
갤럭시 A42 5G,279000
갤럭시 폴더2 2021,185000
미라크,10000
갤럭시 Z 플립,580000
갤럭시 A21s,145000
갤럭시 A30,130000
옵티머스G 프로,19000
갤럭시 노트10 5G,169000
아이폰8 64GB,170000
갤럭시 S10e,240000
갤럭시 S10 128GB,220000
벨벳,385000
아이폰6s 16GB,20000
갤럭시 S10 5G 256GB,282000
갤럭시 S9 플러스 64GB,127000
아이폰Xs 64GB,330000
갤럭시 Z 플립 5G,830000
갤럭시 A32,270000
G8 ThinQ,240000
갤럭시 Z 플립 5G,850000
아이폰X 64GB,300000
아이폰SE (2020) 64GB,232000
Q92,230000
갤럭시 S21 울트라 256GB,960000
갤럭시 Z 플립 5G,455000
아이폰SE (2020) 256GB,1021100
갤럭시 S21 울트라 256GB,60000
갤럭시 S7 32GB,159000
갤럭시 A 퀀텀,1030000
갤럭시 S21 울트라 256GB,350000
갤럭시 A8 2018 32GB,70000
갤럭시 S10 128GB,280000
갤럭시S21,740000
갤럭시 노트8 64GB,190000
갤럭시 Z 플립,540000
갤럭시 Z 플립,530000
스마트폴더,20000
G7 ThinQ 64GB,90000
갤럭시 노트5 32GB,80000
스마트폴더,24000
아이폰12 프로 512GB,1300000
갤럭시 A32,260000
아이폰11프로 64GB,650000
갤럭시 폴더2 16GB,53000
와인스마트 재즈,20000
와인스마트 재즈,20000
아이폰12 미니 64GB,730000
갤럭시 폴더2 32GB,90000
갤럭시 S10 5G 512GB,320000
갤럭시 A12,130000
아이폰12 프로 128GB,200000
갤럭시 A90 5G,280000
갤럭시 S10+ 128GB,1300000
아이폰12 프로 맥스 128GB,190000
V50 ThinQ 128GB,420000
아이폰SE (2020) 256GB,850000
갤럭시 S21 울트라 256GB,1050000
갤럭시 S21 울트라 256GB,1370000
아이폰12 프로 맥스 256GB,24000
아이폰SE (2020) 128GB,550000
아이폰SE (2020) 64GB,160000
아이폰SE (2020) 64GB,145000
스마트폴더,65000
아이폰11 64GB,1570000
미10라이트,200000
갤럭시 A51,80000
Q8 2018,54000
갤럭시 노트8 64GB,45000
아이폰8 64GB,170000
갤럭시 S21 울트라 512GB,1000000
갤럭시 S20 울트라,720000
스마트폴더,18000
갤럭시 노트5 64GB,75000
스마트폴더,22000
갤럭시 S20+,1080000
갤럭시 S21 울트라 256GB,50000
옵티머스 LTE 태그,90000
갤럭시 노트 16GB 16GB,90000
갤럭시 노트 32GB,60000
갤럭시 노트2 32GB,150000
모토로라 레이저,50000
갤럭시 A5 2017,50000
옵티머스 LTE 태그,70000
갤럭시 노트 16GB 16GB,50000
프라다폰 3.0,120000
프라다폰 3.0,50000
갤럭시 온 7 2016,75000
아이폰SE (2020) 256GB,430000
갤럭시 S7 엣지 32GB,39000
갤럭시 노트9 128GB,450000
아이폰12 미니 64GB,650000
갤럭시 폴더2 2021,179000
갤럭시 S10 128GB,295000
갤럭시 폴드,600000
갤럭시 A31,220000
X5,95000
X5,95000
X5,95000
갤럭시 폴더2 32GB,200000
갤럭시 폴더2 32GB,200000
갤럭시 폴더2 32GB,200000
갤럭시 A21s,160000
갤럭시S21,640000
갤럭시 S7 32GB,67000
갤럭시 A32,260000
갤럭시S21,720000
아이폰12 64GB,755000
와인 샤벳,10000
G8 ThinQ,190000
아이폰11프로 64GB,670000
갤럭시 S10 5G 256GB,250000
Q61,130000
신비 키즈폰,110000
벨벳,270000
신비 키즈폰,110000
아이폰12 미니 256GB,860000
갤럭시 A32,229000
갤럭시 노트3 32GB,60000
스마트폴더,45000
갤럭시 A9프로,140000
갤럭시 S10 5G 256GB,260000
X4 2019,89000
갤럭시 A31,209000
아이폰12 프로 맥스 256GB,1470000
아이폰12 프로 맥스 256GB,1470000
갤럭시 노트8 64GB,140000
갤럭시 노트10 5G,70000
갤럭시 노트10+ 5G 256GB,690000
갤럭시 노트8 64GB,150000
아이폰11 128GB,130000
갤럭시S21,298000
G8 ThinQ,670000
갤럭시 노트9 512GB,105000
갤럭시 A31,190000
갤럭시 노트20,298000
V40 ThinQ 128GB,620000
갤럭시 폴더2 2021,790000
갤럭시 A21s,650000
갤럭시 S20+ BTS 에디션,80000
갤럭시 노트20 울트라,85000
갤럭시 Z 플립,1040000
갤럭시 A8 2018 32GB,255000
갤럭시 A32,250000
아이폰12 128GB,850000
갤럭시S21,720000
아이폰12 미니 64GB,680000
X스크린,24000
갤럭시 S,10000
아이폰8 64GB,80000
갤럭시 A8 Star,260000
V50s ThinQ,140000
아이폰8 64GB,370000
아이폰8플러스 256GB,400000
아이폰SE (2020) 128GB,199000
갤럭시 S10e,845000
아이폰12 미니 128GB,270000
갤럭시 A32,210000
갤럭시 A31,100000
와인 샤벳,100000
G3 비트,20000
볼트폰,20000
아이폰12 64GB,900000
화웨이 Y6,20000
갤럭시S21,750000
갤럭시S21,760000
아이폰XR 64GB,315000
갤럭시 A31,200000
아이폰8 64GB,130000
갤럭시 A31,210000
갤럭시 S21 울트라 256GB,86000
아이폰6s 32GB,150000
갤럭시 S9 플러스 64GB,1315000
아이폰12 프로 맥스 128GB,1250000
아이폰12 프로 맥스 128GB,70000
갤럭시 S7 32GB,479000
갤럭시퀀텀2,479000
갤럭시퀀텀2,650000
갤럭시 노트20 울트라,710000
아이폰11프로 64GB,650000
엘지X4,20000
갤럭시 Z 플립,580000
아이폰11 64GB,550000
갤럭시 S10+ 128GB,255000
갤럭시S21,790000
아이폰SE (2020) 64GB,168000
갤럭시 A21s,100000
V40 ThinQ 128GB,390000
아이폰SE (2020) 64GB,240000
갤럭시 S10e,100000
Q51,239000
Q92,239000
노키아9 퓨어뷰,260000
Q92,333000
갤럭시 S20,80000
갤럭시 A90 5G,800000
엑스페리아XZ3,1150000
아이폰11 64GB,550000
갤럭시 노트8 64GB,155000
갤럭시 노트10 5G,390000
갤럭시 Z 플립 5G,690000
갤럭시 S20 FE,510000
V50 ThinQ 128GB,210000
아이폰12 프로 맥스 256GB,200000
아이폰7 128GB,485000
갤럭시 S20,170000
갤럭시 A31,247000
아이폰SE (2020) 256GB,290000
갤럭시 S20,1085000
갤럭시 S10 5G 256GB,60000
벨벳,90000
갤럭시 S21 울트라 256GB,50000
갤럭시 진2,90000
아이폰6s 64GB,60000
갤럭시 노트10+ 5G 256GB,489000
갤럭시S21,750000
V50 ThinQ 128GB,238000
G8 ThinQ,226000
갤럭시 A90 5G,206000
갤럭시S21+,920000
아이폰12 프로 512GB,1380000
아이폰SE (2020) 128GB,329000
갤럭시 진2,40000
X2,70000
카카오 리틀프렌즈 폰2,180000
갤럭시 S20+ BTS 에디션,665000
갤럭시 J4+,130000
갤럭시 J4+,130000
갤럭시 J3 2017,85000
갤럭시 J3 2017,85000
갤럭시 J3 2017,85000
갤럭시 A 퀀텀,430000
갤럭시 A9프로,125000
아이폰12 프로 맥스 512GB,2980000
아이폰11 128GB,720000
아이폰11 128GB,720000
아이폰12 프로 맥스 512GB,1600000
벨벳,240000
갤럭시 노트9 512GB,300000
아이폰11 128GB,490000
갤럭시 S9 64GB,85000
갤럭시S21,670000
갤럭시 노트10 5G,345000
아이폰11프로 256GB,720000
갤럭시 S9 플러스 256GB,125000
갤럭시 S10e,226000
미10라이트,539000
아이폰11 64GB,1450000
아이폰12 프로 맥스 512GB,95000
갤럭시 노트9 128GB,103000
아이폰6s 플러스 64GB,950000
갤럭시 폴더2 32GB,195000
갤럭시 Z 플립,800000
갤럭시 A31,190000
갤럭시 노트10+ 5G 256GB,390000
갤럭시A90 5G,284000
아이폰12 프로 맥스 256GB,1300000
갤럭시 A31,165000
X5,27000
갤럭시 S20,465000
X4 2019,48000
아이폰12 프로 128GB,1220000
갤럭시 S2 HD,50000
Samsung Galaxy A10e,100000
갤럭시 S20 울트라,680000
Q9,58000
갤럭시 노트8 64GB,98000
LG윙,370000
갤럭시 S8,115000
갤럭시 그랜드 맥스,8000
갤럭시 폴더2 16GB,68000
Q51,103000
Q51,103000
아이폰12 미니 128GB,750000
갤럭시 S20 FE,420000
V40 ThinQ 128GB,110000
아이폰12 프로 256GB,1250000
갤럭시 S8,75000
LG윙,520000
갤럭시 S21 울트라 256GB,1010000
LG윙,520000
LG윙,520000
아이폰SE (2020) 128GB,350000
갤럭시 노트9 128GB,195000
갤럭시 폴더2 32GB,165000
갤럭시 A 퀀텀,221000
V50s ThinQ,280000
갤럭시 A51,185000
갤럭시 S9 플러스 64GB,130000
갤럭시 S20+,590000
갤럭시 A31,130000
갤럭시 노트10 5G,283000
갤럭시 A31,210000
아이폰11프로맥스 256GB,890000
갤럭시 노트10 5G,390000
G8 ThinQ,134000
아이폰SE (2020) 256GB,450000
갤럭시 A31,235000
갤럭시 와이드4,70000
갤럭시 S7 32GB,51000
LG Q52,153000
아이폰12 프로 맥스 256GB,1430000
갤럭시 노트5 64GB,51000
갤럭시 Z 플립,600000
갤럭시 S10+ 128GB,235000
갤럭시 노트20,316000
갤럭시 노트10+ 5G 256GB,410000
갤럭시 A90 5G,155000
아이폰SE (2020) 64GB,222000
갤럭시 A 퀀텀,224000
아이폰12 미니 128GB,760000
벨벳,250000
아이폰12 미니 128GB,860000
갤럭시 노트9 512GB,410000
아이폰12 미니 256GB,850000
갤럭시 A5,30000
갤럭시 A 퀀텀,240000
아이폰12 128GB,800000
아이폰12 미니 64GB,710000
V50s ThinQ,210000
와인스마트 재즈,15000
갤럭시 S20+,600000
갤럭시 S10 5G 256GB,350000
아이폰XR 128GB,400000
V30 64GB,54000
갤럭시S21,770000
Q7플러스,60000
갤럭시 A8 Star,110000
갤럭시 S20+,642000
아이폰5S 16GB,70000
갤럭시 A90 5G,268000
갤럭시 S10 5G 256GB,294000
갤럭시 S10e,216000
갤럭시 S9 64GB,174000
갤럭시 A21s,144000
갤럭시 A90 5G,236000
V50s ThinQ,227000
갤럭시 A90 5G,247000
아이폰SE (2020) 256GB,450000
갤럭시 노트8 64GB,170000
갤럭시 Z 플립,580000
Q92,150000
갤럭시 Z 플립,57000
갤럭시 S9 64GB,480000
아이폰X 64GB,267000
V50s ThinQ,900000
아이폰12 256GB,190000
갤럭시 폴더2 2021,1330000
아이폰12 프로 맥스 256GB,330000
갤럭시 S10 5G 256GB,54000
갤럭시 진2,59000
갤럭시 S9 64GB,84000
아이폰12 미니 256GB,870000
홍미노트10,129000
갤럭시 A42 5G,300000
갤럭시S21,685000
갤럭시S21,750000
갤럭시 S9 플러스 64GB,207000
갤럭시 S9 플러스 64GB,174000
갤럭시 S10+ 128GB,320000
갤럭시 S9 64GB,100000
아이폰11프로맥스 256GB,880000
갤럭시 S8+ 64GB,50000
갤럭시 폴더2 16GB,75000
갤럭시S21,680000
미10라이트,170000
갤럭시 S10 5G 256GB,306000
갤럭시 A8 2018 32GB,30000
X4 2019,100000
갤럭시 노트10 5G,420000
갤럭시 S10 128GB,300000
갤럭시 노트5 64GB,40000
아이폰X 64GB,315000
갤럭시 M20,140000
갤럭시 S8+ 64GB,116000
갤럭시 A12,145000
갤럭시 A31,140000
갤럭시 S10 5G 512GB,295000
갤럭시 S4 LTE-A 16GB,20000
V40 ThinQ 128GB,45000
갤럭시S21,630000
V40 ThinQ 128GB,45000
갤럭시 S10+ 128GB,380000
V40 ThinQ 128GB,43000
갤럭시 A31,150000
홍미노트5,65000
갤럭시 A90 5G,385000
갤럭시 S20 FE,450000
갤럭시 Jump,195000
벨벳,265000
Q92,250000
아이폰12 미니 64GB,620000
갤럭시 Z 폴드2,1350000
아이폰12 미니 128GB,1720000
갤럭시 S9 64GB,150000
갤럭시 Z 폴드2,3000000
G8 ThinQ,165000
Q61,145000
아이폰Xs 64GB,350000
X500,10000
갤럭시S21,630000
갤럭시 Z 폴드2,1280000
갤럭시S21+,990000
갤럭시 폴드,60000
갤럭시S21,60000
아이폰12 프로 맥스 128GB,760000
갤럭시 S21 울트라 256GB,250000
V50s ThinQ,350000
갤럭시 Z 플립,480000
아이폰11프로 64GB,620000
갤럭시 A31,130000
갤럭시 A31,130000
갤럭시 A31,130000
아이폰11 128GB,1460000
X2 2019,55000
G8 ThinQ,106000
V40 ThinQ 128GB,90000
갤럭시 A50,130000
갤럭시 노트10 5G,408000
갤럭시 노트10+ 5G 256GB,1094800
V50s ThinQ,211000
갤럭시 진2,50000
갤럭시 S8+ 64GB,106000
Q92,285000
Q92,285000
갤럭시퀀텀2,580000
갤럭시 Z 플립,650000
갤럭시퀀텀2,580000
엘지 K10,20000
미10라이트,720000
아이폰12 미니 64GB,193000
갤럭시 S10 5G 256GB,193000
갤럭시 노트9 128GB,500000
갤럭시 노트10+ 5G 256GB,45000
갤럭시 S8,280000
V50s ThinQ,135000
갤럭시 노트8 64GB,485000
갤럭시 노트10+ 5G 256GB,59000
아이폰6s 플러스 16GB,700000
갤럭시 Z 플립,135000
갤럭시 A21s,373000
아이폰X 256GB,66000
X6 2019,176000
아이폰8 64GB,60000
갤럭시 S7 엣지 32GB,110000
Q92,1680000
갤럭시 S20 FE,478000
아이폰11 64GB,500000
갤럭시 Z 플립,700000
갤럭시 S6 32GB,45000
갤럭시 A32,238000
갤럭시 Z 플립,510000
갤럭시 A90 5G,140000
갤럭시 S21 울트라 512GB,1050000
X4 2019,60000
X4 2019,60000
Q51,100000
벨벳,285000
Q51,95000
갤럭시 S20,520000
베가 R3,10000
갤럭시 Z 폴드2,1590000
아이폰Xs 256GB,380000
아이폰SE (2020) 128GB,350000
아이폰Xs 64GB,335000
아이폰12 프로 256GB,1100000
V50s ThinQ,430000
Q6,10000
Q51,90000
갤럭시 A90 5G,110000
갤럭시 S10 128GB,278000
갤럭시 S10e,179000
갤럭시 S10 5G 256GB,242000
갤럭시 진2,60000
갤럭시 S10 5G 256GB,128000
갤럭시 A31,235000
갤럭시 A31,235000
갤럭시 A31,235000
갤럭시 S10 5G 512GB,380000
갤럭시 S8,74000
갤럭시 S10 5G 256GB,229000
갤럭시 노트FE,110000
아이폰7 128GB,99000
아이폰7플러스 256GB,218000
아이폰Xs 256GB,380000
아이폰7 128GB,152000
아이폰7 128GB,129000
아이폰11 128GB,620000
갤럭시 S8,49000
갤럭시 S8,74000
갤럭시 노트20 울트라,880000
갤럭시 노트20,708000
갤럭시 A90 5G,250000
갤럭시 S8+ 128GB,99000
아이폰5S 32GB,80000
갤럭시 와이드2,43000
갤럭시 와이드4,81000
갤럭시 그랜드2,19000
갤럭시 A21s,150000
갤럭시S21,770000
갤럭시 S10 5G 512GB,189000
V50 ThinQ 128GB,190000
갤럭시 S10 128GB,200000
갤럭시 와이드4,81000
갤럭시퀀텀2,580000
갤럭시 노트9 128GB,149000
갤럭시 그랜드,16000
갤럭시 노트9 128GB,152000
갤럭시 S9 플러스 256GB,84000
갤럭시 S10 128GB,297000
Q92,287000
갤럭시 S9 플러스 256GB,145000
갤럭시 노트10+ 5G 256GB,500000
V50 ThinQ 128GB,249000
갤럭시 S9 64GB,185000
갤럭시 Z 폴드2,1219000
갤럭시퀀텀2,580000
갤럭시 노트9 128GB,138000
아이폰8 256GB,177000
아이폰11프로 256GB,680000
갤럭시 S20 울트라,335000
아이폰Xs 256GB,250000
벨벳,363000
갤럭시 노트10+ 5G 256GB,358000
갤럭시 노트10+ 5G 256GB,260000
갤럭시 A32,270000
아이폰SE (2020) 64GB,250000
갤럭시 Jump,260000
아이폰7 32GB,115500
아이폰SE (2020) 128GB,263000
갤럭시퀀텀2,580000
아이폰X 256GB,285000
아이폰Xs 256GB,347000
갤럭시 진2,58000
G6 32GB,22000
갤럭시 J3 2017,40000
갤럭시 A90 5G,127000
아이폰11프로 256GB,721000
갤럭시 S21 울트라 512GB,1110000
갤럭시 S9 플러스 256GB,160000
갤럭시 S9 플러스 256GB,177000
Q92,229000
갤럭시 Z 플립,531000
갤럭시 A12,170000
V50 ThinQ 128GB,249000
갤럭시 S10+ 128GB,263000
아이폰8 64GB,138000
갤럭시 S21 울트라 256GB,1150000
아이폰12 미니 64GB,776000
갤럭시 S6 엣지 32GB,51000
갤럭시 S9 플러스 64GB,146000
갤럭시 S9 플러스 64GB,146000
갤럭시 노트20 울트라,1050000
갤럭시 S21 울트라 256GB,950000
갤럭시 A 퀀텀,205000
갤럭시 S10 128GB,244000
갤럭시 A90 5G,220000
갤럭시 A7 2018,59000
갤럭시 Z 플립 5G,1150000
루나,10000
갤럭시 S10 5G 256GB,390000
갤럭시 노트8 64GB,81000
갤럭시 S10 5G 512GB,243000
아이폰7 128GB,310000
갤럭시 S6 32GB,51000
Q92,218000
아이폰8 256GB,177000
갤럭시 S 호핀,10000
갤럭시 U,10000
아이폰4 16GB 16GB,10000
갤럭시 A 퀀텀,300000
카카오 리플 프렌즈3,65000
갤럭시 S20,476000
G3 스크린,25000
Q51,95000
LG Q52,130000
갤럭시 S10 5G 256GB,286000
갤럭시에이스,10000
갤럭시 와이드4,53000
갤럭시 노트9 512GB,127000
갤럭시 S10+ 128GB,331000
갤럭시S21,750000
아이폰7 128GB,149000
Q51,185000
Q92,296000
갤럭시 와이드4,85000
아이폰12 프로 128GB,1173000
LG Q52,193000
LG Q52,193000
아이폰5S 32GB,71000
갤럭시 S10 128GB,298000
갤럭시 S10+ 128GB,266000
갤럭시 A 퀀텀,325000
페르소나폰 아카,15000
갤럭시 Z 폴드2,1260000
갤럭시 노트8 64GB,55000
갤럭시 A50,86000
갤럭시 노트10 5G,290000
갤럭시 노트10+ 5G 256GB,500000
Q31,65000
아이폰11프로 64GB,660000
Vega LTE M,10000
갤럭시 S10 5G 256GB,249000
갤럭시 S20 울트라,640000
갤럭시 S10 128GB,298000
갤럭시 S9 64GB,90000
아이폰7 128GB,114000
갤럭시 S9 플러스 64GB,105000
갤럭시 노트10+ 5G 256GB,500000
갤럭시 노트10+ 5G 256GB,500000
갤럭시 S8,39000
갤럭시 S9 플러스 256GB,137000
옵티머스빅,10000
아이폰6 플러스 64GB,24000
갤럭시 S8,140000
갤럭시 노트9 128GB,101000
갤럭시 노트8 64GB,60000
갤럭시 S8,45000
갤럭시 폴더2 16GB,44000
갤럭시S21,670000
갤럭시 Z 플립,470000
갤럭시 노트20 울트라,880000
갤럭시 A9프로,110000
아이폰12 미니 128GB,820000
아이폰12 미니 128GB,800000
갤럭시 J6,90000
갤럭시 A32,320000
갤럭시 A30,79000
아이폰Xs 64GB,320000
갤럭시 A30,87000
갤럭시 A30,71000
갤럭시 A10e,67000
아이폰8플러스 256GB,295000
아이폰12 미니 64GB,640000
갤럭시 S20+,579900
갤럭시 노트9 128GB,290000
갤럭시 A31,200000
갤럭시 노트20,680000
V50 ThinQ 128GB,104000
갤럭시 노트9 128GB,269000
갤럭시 노트8 64GB,135000
아이폰12 프로 맥스 128GB,1330000
엘지 G2,16000
아이폰11프로 64GB,700000
갤럭시 S20 FE,411000
V40 ThinQ 128GB,145000
아이폰8플러스 64GB,220000
Q9,65000
아이폰12 프로 맥스 256GB,1400000
갤럭시 Z 폴드2,1500000
아이폰12 미니 64GB,750000
갤럭시 S20+,990000
갤럭시 S8+ 128GB,75000
갤럭시 폴드,990000
갤럭시 노트20,560000
G6 64GB,55000
갤럭시 S9 플러스 256GB,180000
갤럭시 폴더,20000
와인 스마트,20000
아이스크림 스마트,10000
갤럭시 폴더2 32GB,63000
갤럭시 S9 플러스 64GB,160000
젠틀,20000
아이폰12 프로 256GB,1160000
갤럭시 Z 플립 5G,610000
갤럭시 노트20 울트라,790000
갤럭시 노트10+ 5G 256GB,420000
아이폰6 16GB,285000
갤럭시 S10 128GB,170000
아이폰8 64GB,840000
아이폰12 128GB,360000
아이폰X 256GB,350000
갤럭시 A7 2018,580000
갤럭시 S10 5G 256GB,900000
갤럭시 Z 플립,55000
갤럭시 S21 울트라 256GB,150000
갤럭시 S6 엣지플러스 32GB,487000
갤럭시 S10 128GB,300000
갤럭시 S20,822000
갤럭시 노트10+ 5G 256GB,714000
갤럭시 노트20 울트라,454000
아이폰12 64GB,232000
갤럭시 노트10+ 5G 256GB,95000
갤럭시 노트8 64GB,114000
아이폰11프로 64GB,760000
아이폰11프로 64GB,760000
아이폰11프로 64GB,760000
갤럭시 A31,126000
아이폰7플러스 128GB,229000
갤럭시 S21 울트라 256GB,890000
갤럭시 노트20,595000
V50s ThinQ,100000
갤럭시 S10 5G 256GB,230000
G7 ThinQ 64GB,120000
아이폰12 프로 맥스 256GB,1300000
갤럭시 Z 폴드2,1200000
갤럭시 J7 2016,43000
갤럭시 J4+,57000
갤럭시 J4+,55000
갤럭시 노트9 512GB,260000
아이폰12 프로 256GB,1180000
아이폰7 128GB,110000
갤럭시 S10 5G 256GB,310000
갤럭시 노트9 128GB,170000
V50s ThinQ,222000
아이폰12 256GB,1100000
갤럭시 S10 5G 256GB,318000
갤럭시 A21s,150000
미10라이트,175000
아이폰SE (2020) 64GB,340000
LG Q52,100000
LG윙,340000
아이폰12 미니 128GB,830000
갤럭시 A32,279000
갤럭시 A30,72000
갤럭시 Z 플립 5G,1620000
벨벳,360000
갤럭시 S20+,600000
갤럭시 Z 플립 5G,860000
갤럭시 노트20,640000
아이폰12 프로 256GB,1300000
갤럭시 노트20,260000
갤럭시 A8 Star,110000
갤럭시 A31,159000
갤럭시S21,740000
V50s ThinQ,190000
갤럭시 A31,240000
갤럭시 S20+,520000
갤럭시 A30,73000
아이폰11 64GB,640000
갤럭시S21,750000
갤럭시 와이드4,90000
갤럭시 S10+ 128GB,320000
아이폰12 미니 128GB,718000
갤럭시 A51,220000
갤럭시 진2,50000
갤럭시 S21 울트라 256GB,1480000
갤럭시 S9 64GB,145000
아이폰12 64GB,800000
갤럭시 노트8 64GB,320000
갤럭시 S9 64GB,170000
갤럭시 노트10+ 5G 256GB,520000
갤럭시 S20+,589900
Samsung Galaxy A10e,90000
G8 ThinQ,116000
갤럭시 S20+,589900
갤럭시 S20 울트라,660000
Q92,225000
V50 ThinQ 128GB,173000
아이폰12 프로 맥스 512GB,1630000
갤럭시 Z 폴드2,1600000
갤럭시 S8,155000
갤럭시 Z 플립,530000
갤럭시 S21 울트라 256GB,780000
갤럭시 노트10+ 5G 256GB,435000
아이폰12 미니 64GB,740000
갤럭시 노트9 128GB,362000
갤럭시 Z 폴드2,1000000
갤럭시S21+,839000
갤럭시 노트9 자급제 512GB,410000
와인스마트 재즈,20000
아이폰X 64GB,320000
갤럭시 노트9 128GB,155000
아이폰12 프로 128GB,939000
와인스마트 재즈,21000
아이폰12 프로 256GB,1170000
스마트폴더,31000
벨벳,240000
아이폰12 프로 맥스 256GB,3000000
벨벳,240000
아이폰Xs 맥스 64GB,500000
벨벳,195000
갤럭시 폴더2 16GB,51000
갤럭시 S10e,199000
갤럭시 A8 2018 32GB,60000
아이폰12 프로 맥스 256GB,390000
아이폰12 프로 256GB,235000
아이폰Xs 256GB,220000
V50s ThinQ,144000
아이폰6s 플러스 128GB,200000
아이폰11프로 64GB,635000
갤럭시 S10e,239000
갤럭시 S10 128GB,185000
아이폰Xs 맥스 64GB,460000
갤럭시 A51,247000
갤럭시S21,750000
갤럭시 A21s,130000
루나S,3000
스마트폴더,20000
Q31,85000
갤럭시 노트20 울트라,860000
아이폰7 128GB,113000
갤럭시 S20 울트라,730000
갤럭시 S10 5G 256GB,270000
Q92,150000
갤럭시 S20+,589000
갤럭시 노트20 울트라,770000
갤럭시 A90 5G,179000
갤럭시S21+,770000
갤럭시 노트10+ 5G 256GB,499000
갤럭시 A90 5G,147500
갤럭시 S10 128GB,251000
벨벳,210000
갤럭시 폴더2 16GB,45000
갤럭시 노트9 자급제 128GB,164000
갤럭시 S10 5G 256GB,305000
갤럭시 A50,110000
갤럭시 S21 울트라 256GB,920000
Q70,106000
갤럭시 A7 2016,30000
LG Q52,100000
갤럭시S21,700000
아이폰12 미니 64GB,720000
갤럭시 노트8 64GB,75000
V50s ThinQ,253000
갤럭시 노트9 128GB,170000
갤럭시 S9 플러스 64GB,155000
갤럭시 S10e,198000
갤럭시 S20 FE,570000
갤럭시 노트10 5G,290000
갤럭시퀀텀2,480000
베가 시크릿 노트,15000
갤럭시 S10 5G 256GB,265000
베가 아이언,60000
V50 ThinQ 128GB,77000
갤럭시 S9 플러스 자급제 256GB,170000
Q7플러스,49000
갤럭시 A31,129000
갤럭시 S2 HD,10000
갤럭시 A31,150000
갤럭시 노트8 64GB,115000
갤럭시 온7 2018,66000
갤럭시 A32,260000
X4플러스,30000
아이폰8 256GB,217000
갤럭시 A9프로,90000
갤럭시퀀텀2,460000
아이폰11프로 64GB,600000
갤럭시 J4+,59000
갤럭시퀀텀2,460000
갤럭시 A31,170000
갤럭시 S10 5G 256GB,272000
갤럭시 S10 5G 256GB,282000
갤럭시 노트9 128GB,170000
갤럭시 S10 5G 256GB,275000
아이폰12 프로 맥스 512GB,1550000
아이폰7 128GB,110000
갤럭시 S10 128GB,275000
아이폰11 128GB,630000
아이폰8플러스 64GB,265000
Q51,140000
갤럭시 노트10+ 5G 256GB,460000
갤럭시 A50,150000
갤럭시 S5 광대역 LTE-A,60000
갤럭시 S10 5G 256GB,230000
갤럭시 Z 플립 5G,769000
갤럭시 S8+ 64GB,249000
갤럭시 A32,265000
아이폰11프로맥스 256GB,890000
갤럭시 A32,265000
V30 64GB,69000
G8 ThinQ,213000
갤럭시 A90 5G,190000
아이폰7 128GB,100000
갤럭시 Z 폴드2,1500000
아이폰12 프로 맥스 512GB,1700000
갤럭시 S21 울트라 256GB,990000
갤럭시 Z 폴드2,1430000
갤럭시 A31,169000
G7 ThinQ 64GB,100000
Q9,60000
X300,23900
Q8 2018,48000
갤럭시 S10+ 128GB,350000
갤럭시 Z 폴드2,1250000
갤럭시 S20,520000
갤럭시 S10 128GB,255000
아이폰11프로 64GB,680000
갤럭시 S21 울트라 256GB,830000
V40 ThinQ 128GB,127000
아이폰SE (2020) 64GB,400000
갤럭시 노트10+ 5G 256GB,700000
갤럭시 Z 플립,385000
갤럭시 노트8 64GB,135000
갤럭시 S8+ 64GB,120000
갤럭시 노트8 64GB,135000
G8 ThinQ,150000
갤럭시 노트10+ 5G 512GB,420000
갤럭시S21,680000
갤럭시S21,740000
갤럭시S21,740000
Samsung Galaxy A10e,100000
아이폰SE (2020) 128GB,300000
갤럭시 노트20,560000
갤럭시 S8+ 64GB,105000
갤럭시 A40,100000
갤럭시 S21 울트라 256GB,980000
엘지 F70,10000
아이폰12 프로 맥스 512GB,1690000
갤럭시S21,700000
X4 2019,40000
갤럭시 Z 플립,640000
갤럭시 S20 울트라,590000
아이폰12 프로 맥스 512GB,1550000
X5,54000
스마트폴더,18000
갤럭시 S9 플러스 256GB,220000
미10라이트,176000
Q51,66000
G7 ThinQ 64GB,95000
벨벳,360000
갤럭시 S20 울트라,560000
벨벳,360000
아이폰12 미니 64GB,767000
아이폰12 프로 맥스 256GB,767000
아이폰Xs 64GB,245000
아이폰12 미니 64GB,960000
갤럭시 노트8 64GB,390000
아이폰8플러스 64GB,255000
갤럭시 폴더2 3G,160000
갤럭시 A31,220000
아이폰7 128GB,133000
갤럭시 A9프로,85000
아이폰12 프로 128GB,980000
벨벳 LTE,243000
갤럭시 A8 2018 32GB,70000
갤럭시 A31,147000
아이폰12 프로 맥스 256GB,1400000
미10라이트,109000
갤럭시 S10 5G 256GB,320000
갤럭시 S10 5G 256GB,316000
갤럭시 A21s,170000
갤럭시 S10+ 128GB,330000
갤럭시 S10 5G 512GB,305000
갤럭시 노트9 128GB,239000
갤럭시 노트10 5G,494500
홍미노트10,146000
갤럭시 노트10+ 5G 256GB,2000000
갤럭시 폴더2 32GB,500000
갤럭시 노트10+ 5G 256GB,2000000
아이폰XR 64GB,340000
갤럭시 S20+,587000
갤럭시 S10 5G 256GB,4000000
아이폰12 128GB,830000
아이폰12 프로 128GB,2140000
갤럭시 Z 플립 5G,1000000
갤럭시 노트10+ 5G 256GB,547300
아이폰11 128GB,2030000
갤럭시S21,700000
갤럭시 A50,120000
갤럭시 A31,130000
아이폰11 128GB,600000
아이폰Xs 64GB,339000
아이폰12 64GB,1660000
갤럭시 Z 폴드2,1390000
X5,55000
갤럭시 A21s,170000
갤럭시 A30,145000
갤럭시 A21s,170000
아이폰SE (2020) 64GB,243000
갤럭시 A21s,100000
아이폰12 프로 128GB,970000
아이폰12 미니 128GB,900000
갤럭시 노트10+ 5G 256GB,3842000
스마트폴더,35000
아이폰12 프로 맥스 128GB,1300000
LG Q52,170000
갤럭시 폴더2 32GB,170000
Samsung Galaxy A10e,100000
V50 ThinQ 128GB,130000
갤럭시 S8,130000
갤럭시 노트10+ 5G 512GB,457000
갤럭시S21,750000
Q92,219000
갤럭시 노트20 울트라,750000
갤럭시 S20,550000
갤럭시 S10 512GB,350000
갤럭시 노트10 5G,477000
갤럭시 S8+ 64GB,89000
아이폰12 128GB,830000
갤럭시S21,620000
아이폰11프로 256GB,690000
갤럭시 J3 2017,39900
갤럭시 노트9 128GB,220000
갤럭시 A32,260000
갤럭시 A90 5G,250000
갤럭시 A80,172000
아이폰12 미니 128GB,860000
갤럭시 A30,140000
V50s ThinQ,230000
갤럭시S21,631500
홍미노트10,150000
갤럭시S21,652500
갤럭시 Z 폴드2,1021000
갤럭시 S21 울트라 256GB,980000
갤럭시 S10+ 128GB,273500
G8 ThinQ,126000
V30 64GB,50000
V50s ThinQ,340000
갤럭시 A90 5G,275000
갤럭시 S20+,500000
갤럭시 S9 64GB,137000
갤럭시 S10 128GB,265000
아이폰SE (2020) 128GB,290000
갤럭시 S10 128GB,180000
갤럭시 S10+ 128GB,205000
갤럭시 A90 5G,260000
갤럭시 S7 32GB,60000
갤럭시 A31,200000
갤럭시 A90 5G,120000
갤럭시 S10 128GB,295000
벨벳,210000
갤럭시 A32,260000
갤럭시 폴더2 16GB,30000
갤럭시 노트9 128GB,210000
갤럭시 폴더2 16GB,60000
갤럭시 노트9 512GB,280000
갤럭시 S9 64GB,120000
갤럭시 노트8 64GB,103000
갤럭시 와이드4,110000
V50 ThinQ 128GB,169000
갤럭시 A 퀀텀,360000
갤럭시 A9프로,140000
LG윙,430000
G8 ThinQ,190000
아이폰Xs 맥스 256GB,535000
갤럭시 A30,80000
갤럭시 A21s,120000
홍미노트10,150000
갤럭시 진2,100000
아이폰12 프로 맥스 128GB,4800000
갤럭시 S8+ 64GB,129000
갤럭시 A30,89000
아이폰Xs 64GB,343000
V50s ThinQ,179000
갤럭시퀀텀2,476000
아이폰8 64GB,159000
갤럭시 A31,230000
갤럭시 A31,230000
아이폰SE (2020) 128GB,249000
갤럭시 A50,75000
갤럭시 J6,68000
아이폰8 64GB,150000
갤럭시 노트9 128GB,275000
갤럭시 A9프로,110000
갤럭시 노트10+ 5G 256GB,426000
갤럭시 와이드3,45000
아이폰SE (2020) 64GB,350000
갤럭시 A90 5G,228000
갤럭시 노트10+ 5G 512GB,454000
아이폰8 64GB,215000
갤럭시 S10 128GB,265000
아이폰12 미니 128GB,810000
아이폰12 미니 128GB,810000
갤럭시 S6 32GB,50000
LG G6 플러스,67000
아이폰11프로맥스 256GB,890000
갤럭시 A6 2018,59000
갤럭시 노트5 32GB,64000
갤럭시 S6 64GB,59000
갤럭시 노트2 32GB,19000
X4플러스,34000
스타일러스2,24000
갤럭시 폴더2 16GB,68000
갤럭시 S10 5G 256GB,410000
갤럭시 S10e,379000
아이폰Xs 맥스 64GB,500000
갤럭시 A5 2017,50000
갤럭시 Z 폴드2,1350000
아이폰12 프로 맥스 512GB,1650000
갤럭시 S20,750000
갤럭시S21,430000
ASUS ROG PHONE,1150000
엑스페리아XZ3,450000
갤럭시 Z 플립,195000
X4 2019,55000
아이폰SE (2020) 128GB,265000
갤럭시S21,640000
아이폰12 미니 256GB,790000
아이폰SE (2020) 64GB,230000
갤럭시S21,742000
갤럭시 S21 울트라 256GB,1000000
갤럭시 A90 5G,135000
아이폰12 미니 64GB,640000
갤럭시 S9 64GB,150000
갤럭시 S8,90000
아이폰SE (2020) 64GB,270000
아이폰12 프로 리패키지 256GB,1100000
교세라토크,36000
갤럭시 A8 2018 32GB,65000
갤럭시 S10+ 128GB,290000
미10라이트,170000
갤럭시 노트10 5G,600000
아이폰12 미니 64GB,720000
V50s ThinQ,320000
갤럭시 A 퀀텀,239000
V50 ThinQ 128GB,159000
갤럭시 A6 2018,80000
V50s ThinQ,215000
아이폰11프로 64GB,750000
V50 ThinQ 128GB,320000
갤럭시 A30,99000
아이폰12 미니 64GB,682000
G3A,22000
갤럭시 S10 5G 256GB,330000
갤럭시 S10 5G 256GB,292000
아이폰12 64GB,920000
아이폰XR 64GB,310000
아이폰11프로 256GB,710000
갤럭시 노트10+ 5G 256GB,310000
아이폰12 프로 맥스 128GB,1350000
아이폰12 프로 맥스 128GB,1350000
아이폰12 256GB,2290000
아이폰XR 128GB,350000
갤럭시 노트20 울트라,1890000
갤럭시 노트20 울트라,720000
갤럭시 S9 64GB,165000
아이폰Xs 64GB,330000
X4 2019,60000
아이폰12 미니 64GB,680000
갤럭시 S20,500000
갤럭시 A8 2018 32GB,70000
G7 ThinQ 64GB,99000
아이폰SE 64GB,170000
갤럭시 S20,550000
갤럭시 폴더2 2021,200000
아이폰12 프로 맥스 128GB,1330000
아이폰12 프로 맥스 128GB,1330000
갤럭시 A31,100000
갤럭시 노트20,599000
LG윙,374000
갤럭시 노트20,550000
갤럭시 A30,80000
갤럭시 S10 5G 256GB,160000
아이폰SE (2020) 128GB,310000
갤럭시S21,700000
아이폰SE (2020) 64GB,350000
갤럭시 폴드,610000
갤럭시 S9 플러스 64GB,130000
갤럭시 Z 플립,540000
갤럭시 S20+,538000
V30 64GB,70000
갤럭시 A50,92000
V50s ThinQ,400000
갤럭시 S8,134000
갤럭시 노트10 5G,1284300
갤럭시 와이드4,90000
갤럭시 A 퀀텀,200000
아이폰12 프로 맥스 512GB,1610000
갤럭시 Z 플립 5G,60000
X6 2019,860000
아이폰12 128GB,250000
갤럭시 S10e,860000
아이폰11프로맥스 256GB,1050000
아이폰11프로 64GB,740000
아이폰11프로 64GB,740000
아이폰Xs 256GB,360000
갤럭시 노트FE,70000
아이폰6 64GB,90000
아이폰11 128GB,720000
아이폰Xs 64GB,320000
갤럭시 S10 128GB,242000
갤럭시퀀텀2,475000
갤럭시 A21s,120000
갤럭시 노트9 128GB,245000
아이폰12 프로 128GB,1070000
아이폰12 256GB,280000
아이폰SE (2020) 128GB,100000
Samsung Galaxy A10e,85000
갤럭시 와이드4,800000
갤럭시 노트20 울트라,800000
갤럭시 노트20 울트라,260000
갤럭시 S10 5G 256GB,274000
G6 64GB,50000
갤럭시 S10 5G 512GB,268000
아이폰12 프로 맥스 512GB,1710000
X4플러스,110000
V50 ThinQ 128GB,155000
아이폰Xs 64GB,260000
갤럭시 노트8 64GB,115000
갤럭시 S8,65000
갤럭시 A31,160000
갤럭시 노트8 64GB,65000
갤럭시 노트9 128GB,110000
갤럭시 폴더2 32GB,390000
갤럭시 A40,65000
V50s ThinQ,235000
아이폰11 128GB,670000
갤럭시 A31,215000
갤럭시 Z 폴드2,1090000
갤럭시 S20 울트라,645000
아이폰8 256GB,200000
와인스마트 재즈,39000
갤럭시 노트9 512GB,230000
갤럭시 A 퀀텀,250000
갤럭시 S7 32GB,75000
아이폰12 프로 맥스 128GB,1277000
갤럭시 A9프로,119000
아이폰Xs 256GB,400000
갤럭시 A21s,160000
갤럭시 노트9 128GB,310000
갤럭시 노트9 128GB,290000
V40 ThinQ 128GB,100000
아이폰SE (2020) 64GB,310000
갤럭시 S20 FE,495000
갤럭시 폴더2 2021,170000
갤럭시 A21s,160000
갤럭시 S20+,590000
갤럭시 A42 5G,330000
포코F1,180000
갤럭시 그랜드 맥스,25000
V50s ThinQ,400000
갤럭시 S20+,590000
스마트폴더,12000
갤럭시 A90 5G,225000
V50 ThinQ 128GB,164000
갤럭시 A21s,159000
V50s ThinQ,229000
갤럭시 S20+,597000
갤럭시 와이드,100000
아이폰12 프로 256GB,2250000
갤럭시 A21s,157000
V50 ThinQ 128GB,165000
갤럭시 노트20 울트라,880000
갤럭시 A30,75000
갤럭시S21+,990000
갤럭시 M20,8000
갤럭시 A90 5G,250000
갤럭시 S7 32GB,65000
갤럭시 S10e,155000
엘지X4,29000
아이폰SE (2020) 128GB,400000
아이폰11프로 256GB,730000
아이폰12 프로 맥스 128GB,2600000
갤럭시 폴더2 16GB,52000
아이폰7 32GB,100000
갤럭시 노트9 512GB,410000
갤럭시 S8,110000
갤럭시 노트10+ 5G 256GB,500000
갤럭시 와이드4,75000
갤럭시 J5 2017,45000
갤럭시 J5 2017,30000
아이폰12 프로 맥스 256GB,1350000
갤럭시 A31,210000
갤럭시 A32,257000
아이폰8플러스 256GB,320000
아이폰7 128GB,290000
갤럭시퀀텀2,485000
갤럭시 S10e,239000
아이폰Xs 맥스 256GB,537000
V50 ThinQ 128GB,170000
갤럭시 A40,73000
갤럭시 S10 128GB,235000
갤럭시 와이드3,600000
갤럭시 S20,80000
갤럭시 A30,190000
V50s ThinQ,250000
갤럭시 S10 128GB,2450000
아이폰11프로 256GB,250000
아이폰SE (2020) 64GB,270000
갤럭시 A32,1370000
아이폰12 프로 맥스 256GB,275000
갤럭시 A7 2017,799000
갤럭시 S10 5G 256GB,770000
갤럭시 노트20 울트라,90000
갤럭시S21,550000
갤럭시 와이드4,950000
갤럭시 S20,1450000
아이폰12 프로 맥스 256GB,1450000
갤럭시 와이드3,55000
갤럭시 A31,200000
갤럭시 A31,200000
갤럭시S21,770000
갤럭시 A31,180000
아이폰7 128GB,45000
X6 2019,625000
아이폰11프로 64GB,716000
갤럭시 Z 플립 5G,65000
Samsung Galaxy A10e,160000
갤럭시 노트9 128GB,133000
갤럭시 A21s,130000
갤럭시 A12,189000
갤럭시 S10+ 512GB,1050000
갤럭시 S21 울트라 256GB,250000
갤럭시 S10 128GB,100000
갤럭시 A21s,1250000
갤럭시 Z 폴드2,130000
갤럭시 S7 32GB,68000
갤럭시 폴더2 16GB,60000
갤럭시 S20,455000
갤럭시 S9 플러스 256GB,170000
아이폰8 64GB,160000
갤럭시 A90 5G,195000
아이폰12 미니 128GB,695000
갤럭시 노트10 5G,360000
갤럭시 A12,167000
갤럭시 폴더2 2021,225000
스마트폴더,23000
젠틀,18000
아이폰12 프로 맥스 512GB,1550000
아이폰11프로 256GB,850000
갤럭시 Z 플립 5G,600000
아이폰X 64GB,340000
아이폰11 128GB,697000
갤럭시 Z 폴드2,1450000
아이폰12 프로 512GB,1450000
갤럭시 S10 5G 256GB,280000
갤럭시 A6 2018,65000
갤럭시 S10 5G 256GB,209000
갤럭시 S10 128GB,195000
갤럭시 노트10+ 5G 256GB,710000
갤럭시 노트8 64GB,100000
Q92,120000
갤럭시 노트 4,60000
갤럭시 S10 5G 256GB,300000
갤럭시 노트10+ 5G 256GB,555000
스마트폴더,19000
아이폰XR 64GB,309000
아이폰SE (2020) 128GB,269000
갤럭시 폴드,760000
아이폰11프로맥스 256GB,915000
아이폰11 128GB,550000
아이폰12 256GB,900000
Q31,70000
갤럭시 A30,140000
아이폰12 128GB,890000
갤럭시 Z 폴드2,1210000
아이폰Xs 맥스 64GB,480000
아이폰6s 16GB,20000
갤럭시 폴더2 32GB,180000
갤럭시 S10 5G 256GB,287000
갤럭시 S10 5G 256GB,287000
갤럭시 S10 5G 256GB,283000
갤럭시 A50,128000
V50 ThinQ 128GB,320000
갤럭시 A7 2018,60000
갤럭시 폴더2 32GB,75000
갤럭시 A7 2018,90000
갤럭시 A30,300000
갤럭시 S10+ 512GB,90000
갤럭시 S9 64GB,150000
갤럭시 A80,129000
갤럭시 A31,98000
갤럭시 노트FE,200000
갤럭시S21,780000
미10라이트,169000
아이폰12 미니 128GB,820000
아이폰8 64GB,175000
아이폰8플러스 64GB,264000
아이폰8 256GB,210000
갤럭시 A21s,149000
아이폰8 256GB,215000
벨벳,295000
갤럭시 Z 폴드2,1300000
아이폰X 64GB,270000
갤럭시 S20+,590000
갤럭시 S9 64GB,160000
갤럭시 S8,116000
베가 LTE,12000
아이폰7 128GB,109000
갤럭시 노트10 5G,320000
아이폰12 256GB,955000
아이폰Xs 256GB,380000
갤럭시 Z 폴드2,1570000
갤럭시 진2,170000
아이폰8 64GB,1590000
갤럭시 Z 폴드2,25000
X스크린,150000
V50 ThinQ 128GB,780000
아이폰12 미니 128GB,85000
갤럭시 A5 2017,920000
갤럭시 S21 울트라 256GB,160000
갤럭시 A21s,1600000
아이폰12 프로 맥스 512GB,200000
갤럭시 A90 5G,230000
갤럭시 노트9 512GB,58000
갤럭시 와이드4,215000
갤럭시 A31,40000
갤럭시 J3 2017,399000
V50s ThinQ,365000
아이폰XR 256GB,170000
갤럭시 A12,235000
갤럭시 A51,420000
갤럭시 A51,230000
갤럭시 A 퀀텀,240000
갤럭시 노트10 5G,375000
갤럭시 S8+ 64GB,150000
갤럭시 S10 5G 256GB,305000
X스크린,30000
갤럭시 노트10 5G,353000
갤럭시 노트20 울트라,880000
갤럭시 노트8 64GB,130000
